watch_date,entry_date,ts_code,name,industry,signal_score,pivot,trigger_price,stop_loss,confirm_time,entry_price,entry_bar_close,volume_ratio,vol_ma20_prev,signal_grade,position_ratio,ret_close0,ret_t1,ret_t2,ret_t3
20250728,20250729,000802.SZ,北京文化,影视音像,76.4,5.15,5.16,5.01,09:40:00,5.16,5.56,1.0562943806447314,160887.9145,B,0.5,0.0852713178294573,0.18410852713178305,0.09302325581395343,0.10465116279069764
20250728,20250729,603396.SH,金辰股份,专用机械,80.33,28.16,28.22,27.46,14:05:00,28.22,29.17,1.0698137066405022,35815.5815,B,0.5,0.05598866052445084,0.010276399716513174,-0.014883061658398256,-0.005315379163713607
20250728,20250729,603520.SH,司太立,化学制药,70.23,10.68,10.7,10.31,10:05:00,10.7,10.94382002,1.0275523664886907,101739.827,B,0.5,0.058878504672897236,0.032710280373831946,0.06915887850467284,0.03925233644859816
20250729,20250730,000050.SZ,深天马Ａ,元器件,80.64,9.25,9.27,9.07,14:30:00,9.27,9.42,1.0057372934355626,157552.07749999998,B,0.5,0.015102481121898714,-0.004314994606256617,-0.003236245954692518,0.0021574973031284195
20250730,20250731,000050.SZ,深天马Ａ,元器件,79.69,9.39,9.41,9.21,14:25:00,9.41,9.25,1.022225904573188,157514.10650000002,B,0.5,-0.019128586609989395,-0.018065887353878818,-0.012752391073326375,0.0031880977683313994
20250730,20250731,603207.SH,小方制药,化学制药,80.19,34.18,34.25,32.64,13:55:00,34.25,33.6807648,1.0006483411690652,58766.899,B,0.5,-0.0023357664233576436,0.059270072992700706,0.1252554744525547,0.09547445255474463
20250731,20250801,600498.SH,烽火通信,通信设备,71.78,22.19,22.23,21.66,11:05:00,22.23,22.08,1.0290940770014534,216763.467,B,0.5,-0.005398110661268607,-0.0062977957714800414,0.0,0.005398110661268607
20250731,20250801,603598.SH,引力传媒,互联网,70.09,18.72,18.76,18.15,10:05:00,18.76,18.33,1.0027920611096135,130522.573,B,0.5,-0.0031982942430704986,-0.018656716417910557,-0.016524520255863706,-0.027185501066098183
20250801,20250804,600860.SH,京城股份,专用机械,71.79,12.89,12.92,12.43,10:50:00,12.92,13.41,1.0131649165728875,181297.237,B,0.5,0.049535603715170407,0.02786377708978316,0.03095975232198156,0.023219814241486114
20250801,20250804,600976.SH,健民集团,中成药,60.72,42.06,42.14,41.18,10:25:00,42.14,42.37,1.0421099473639384,25501.147999999997,B,0.5,0.005695301376364537,-0.0007119126720456226,-0.01067869008068345,-0.018747033697199766
20250801,20250804,601798.SH,蓝科高新,化工机械,77.82,8.48,8.5,8.24,14:25:00,8.5,8.66,1.029821452748137,124776.9695,B,0.5,0.01764705882352935,0.02941176470588225,0.028235294117647136,0.03294117647058825
20250801,20250804,603203.SH,快克智能,专用机械,62.22,26.8,26.85,26.18,13:10:00,26.85,27.35,1.0114040799455746,31666.8685,B,0.5,0.02346368715083802,0.034636871508379796,0.035381750465549366,0.04655493482309114
20250804,20250805,001207.SZ,联科科技,化工原料,63.83,25.49,25.54,24.61,13:10:00,25.54,25.69434504,1.0015929600600602,56055.705500000004,B,0.5,0.02701644479248233,0.0411119812059515,0.022709475332811424,0.05207517619420532
20250804,20250805,600855.SH,航天长峰,专用机械,67.79,14.38,14.41,13.85,10:30:00,14.41,14.82,1.0178517616952534,207008.533,B,0.5,0.04163775156141569,0.08327550312283138,0.1304649548924357,0.13879250520471897
20250804,20250805,603211.SH,晋拓股份,汽车配件,65.39,18.68,18.72,18.04,09:55:00,18.72,19.44,1.0025687361200537,73281.7585,B,0.5,0.052350427350427386,0.05715811965811968,0.05074786324786351,0.04220085470085477
20250805,20250806,600630.SH,龙头股份,服饰,66.71,8.86,8.88,8.63,13:55:00,8.88,8.7502692,1.0305943493030423,126457.12649999998,B,0.5,-0.01013513513513531,-0.0033783783783785104,-0.0033783783783785104,0.0045045045045044585
20250805,20250806,600855.SH,航天长峰,专用机械,67.88,14.76,14.79,14.2,11:15:00,14.79,15.35,1.0300176611252443,219937.00550000003,B,0.5,0.05544286680189314,0.10141987829614596,0.1095334685598377,0.15753887762001373
20250805,20250806,600867.SH,通化东宝,生物制药,65.32,8.53,8.55,8.32,14:05:00,8.55,8.52,1.0072611336337154,220286.4705,B,0.5,-0.002339181286549863,-0.01637426900584804,-0.0140350877192984,-0.005847953216374324
20250805,20250806,603270.SH,金帝股份,机械基件,72.09,27.28,27.33,26.63,13:25:00,27.33,27.50350136,1.0122188181500125,43245.590000000004,B,0.5,0.014270032930845167,0.007317965605561749,0.009513355287230185,0.010245151847786405
20250805,20250806,603829.SH,洛凯股份,电气设备,66.39,18.27,18.31,17.6,14:00:00,18.31,18.41,1.002559334589729,47840.56,B,0.5,0.00928454396504641,0.0038230475150191623,0.04587657018022928,0.07864554888039321
20250805,20250806,603912.SH,佳力图,专用机械,68.39,9.55,9.57,9.28,10:50:00,9.57,9.53,1.0144672489583986,241081.21800000002,B,0.5,-0.012539184952978122,0.013584117032392706,0.03657262277951934,0.02925809822361547
20250806,20250807,000837.SZ,秦川机床,机床制造,61.48,12.58,12.61,12.21,09:55:00,12.61,13.08675392,1.073417563376821,326897.01749999996,B,0.5,0.04044409199048382,0.030927835051546504,0.03409992069785872,0.028548770816812175
20250806,20250807,603005.SH,晶方科技,半导体,64.32,29.46,29.52,28.49,10:55:00,29.52,30.32,1.0249674442686392,277890.77749999997,B,0.5,0.025406504065040636,-0.0013550135501354532,0.01592140921409202,0.03658536585365857
20250806,20250807,603270.SH,金帝股份,机械基件,76.24,27.35,27.4,26.71,14:30:00,27.4,27.25554336,1.002221421230847,45306.3555,B,0.5,0.004744525547445422,0.006934306569343018,0.007664233576642365,0.0
20250806,20250807,603660.SH,苏州科达,IT设备,65.41,7.53,7.55,7.3,10:00:00,7.55,7.82,1.0950130396694662,202289.8285,B,0.5,0.042384105960264984,0.015894039735099286,0.015894039735099286,0.01192052980132452
20250806,20250807,603662.SH,柯力传感,电器仪表,64.83,66.88,67.01,64.51,11:30:00,67.01,68.6,1.0082074373262513,81426.6955,B,0.5,0.03372630950604383,-0.0017907774958961786,0.01641546037904784,0.010296970601402666
20250806,20250807,603912.SH,佳力图,专用机械,67.63,9.55,9.57,9.27,10:25:00,9.57,9.6,1.0001332821069082,254599.06650000002,B,0.5,0.013584117032392706,0.03657262277951934,0.02925809822361547,0.07628004179728332
20250806,20250807,603915.SH,国茂股份,机械基件,73.51,15.94,15.97,15.35,14:25:00,15.97,15.75785104,1.0032197154483211,133728.4325,B,0.5,-0.0018785222291798354,-0.02254226675015658,-0.012523481527864866,-0.020037570444583652
20250808,20250811,603679.SH,华体科技,电气设备,76.14,15.88,15.91,15.41,10:35:00,15.91,16.63,1.0079238716587386,62514.64200000001,B,0.5,0.048397234443745996,0.05342551854179778,0.040854808296668654,0.019484600879949632
20250811,20250812,600499.SH,科达制造,专用机械,73.33,11.28,11.3,10.91,13:30:00,11.3,11.71,1.0059689536009455,166115.4645,B,0.5,0.03982300884955747,0.031858407079645934,0.01504424778761071,0.028318584070796238
20250811,20250812,603969.SH,银龙股份,其他建材,77.2,8.51,8.53,8.04,14:20:00,8.53,9.08,1.0062670417858135,510818.678,B,0.5,0.06799531066822984,0.07385697538100833,0.06565064478311844,0.10902696365767905
20250811,20250812,605020.SH,永和股份,化工原料,75.26,26.25,26.3,25.42,09:45:00,26.3,27.05,1.0236898876860459,50713.6005,B,0.5,0.07566539923954374,0.09201520912547512,0.05551330798479093,0.07946768060836495
20250812,20250813,000856.SZ,冀东装备,专用机械,73.39,12.29,12.31,11.82,14:10:00,12.31,12.32,1.0128955398956077,214877.0445,B,0.5,0.004874086108854536,-0.037367993501218555,-0.035743298131600376,-0.0170593013809911
20250813,20250814,603125.SH,常青科技,化工原料,67.44,17.89,17.93,17.28,10:05:00,17.93,19.16,1.0374360690426188,75573.8135,B,0.5,0.07083100948131626,0.06692693809258232,0.041829336307863896,0.025655326268823275
20250813,20250814,603278.SH,大业股份,钢加工,78.01,10.69,10.71,10.38,13:55:00,10.71,10.76,1.000238249421092,148050.727,B,0.5,-0.0018674136321196189,0.007469654528477809,0.014939309056956063,0.019607843137254832
20250813,20250814,603737.SH,三棵树,染料涂料,68.54,41.14,41.22,39.5,11:25:00,41.22,42.0455833,1.0140592167162898,47121.5085,B,0.5,0.04779233381853465,0.101892285298399,0.0786026200873362,0.06477438136826796
20250814,20250815,603713.SH,密尔克卫,仓储物流,70.53,56.47,56.58,55.04,11:25:00,56.58,59.16,1.052246061658973,17459.7945,B,0.5,0.04153411099328386,0.08342170378225511,0.07281724991162974,0.07564510427712978
20250815,20250818,000612.SZ,焦作万方,铝,78.06,9.05,9.07,8.81,14:40:00,9.07,9.08,1.0000322071996577,316652.80149999994,B,0.5,0.0022050716648289725,0.011025358324145529,0.029768467475192795,0.01764057331863289
20250815,20250818,000712.SZ,锦龙股份,证券,77.43,15.09,15.12,14.49,13:05:00,15.12,15.63,1.0171283317898974,594415.6515,B,0.5,0.017857142857143016,0.009920634920634885,0.021164021164021163,0.001322751322751392
20250815,20250818,000922.SZ,佳电股份,电气设备,78.79,12.18,12.2,11.92,14:45:00,12.2,12.39,1.0170896033597054,291270.306,B,0.5,0.024590163934426368,0.00819672131147553,0.0,-0.008196721311475419
20250815,20250818,600458.SH,时代新材,塑料,63.15,13.77,13.8,13.34,10:10:00,13.8,14.64429043,1.0858444192937267,102192.35650000001,B,0.5,0.06594202898550727,0.045652173913043326,0.09710144927536235,0.0768115942028984
20250815,20250818,603855.SH,华荣股份,专用机械,67.31,22.56,22.61,21.91,13:30:00,22.61,22.51,1.0491663206088835,77936.16549999999,B,0.5,-0.011941618752764227,0.0035382574082265528,0.009287925696594534,0.0008845643520565272
20250818,20250819,600577.SH,精达股份,电气设备,72.49,8.19,8.21,7.95,13:35:00,8.21,8.5863225,1.0047630588544598,821818.6295,B,0.5,0.05968331303288643,0.06333739342265532,0.0535931790499391,0.04750304506699132
20250818,20250819,603281.SH,江瀚新材,化工原料,68.24,25.56,25.61,24.9,14:45:00,25.61,26.94,1.0135609479236867,40397.17599999999,B,0.5,0.05154236626317843,0.05466614603670439,0.04451386177274497,0.03514252245216731
20250818,20250819,603341.SH,龙旗科技,通信设备,65.9,41.65,41.73,40.29,10:20:00,41.73,42.93,1.038383987860608,65737.724,B,0.5,0.03474718427989454,0.08219506350347472,0.09753175173735928,0.08938413611310825
20250818,20250819,603386.SH,骏亚科技,元器件,77.27,14.95,14.98,14.43,14:40:00,14.98,15.63,1.0050536548103917,157398.56199999998,B,0.5,0.05340453938584777,0.07676902536715602,0.05206942590120156,0.05073431241655535
20250819,20250820,603386.SH,骏亚科技,元器件,79.81,15.27,15.3,14.74,11:20:00,15.3,16.11,1.0052032325917644,163799.712,B,0.5,0.0542483660130717,0.030065359477124076,0.02875816993464042,0.019607843137254832
20250825,20250826,000807.SZ,云铝股份,铝,65.52,17.78,17.82,17.23,10:10:00,17.82,18.82669163,1.0434635754179027,372222.86350000004,B,0.5,0.05723905723905731,0.04938271604938271,0.04433221099887752,0.08810325476992142
20250825,20250826,603089.SH,正裕工业,汽车配件,82.07,16.9,16.93,16.08,13:55:00,16.93,16.32,1.0107092068677437,134130.56800000003,B,0.5,-0.04016538688718252,-0.06733608978145311,-0.09923213230950978,-0.09273479031305376
20251015,20251016,601059.SH,信达证券,证券,62.96,19.65,19.69,18.87,10:15:00,19.69,20.5971773,1.05683884540309,429616.11600000004,B,0.5,0.032503809040121734,0.015744032503808958,0.011173184357541777,0.003047232097511454
20251016,20251017,603069.SH,海汽集团,公共交通,68.2,22.79,22.84,21.8,11:05:00,22.84,24.1,1.010368414050948,110563.6305,B,0.5,0.06392294220665495,0.1703152364273206,0.2548161120840631,0.15893169877408053
20251029,20251030,600773.SH,西藏城投,区域地产,64.06,11.47,11.49,11.13,10:20:00,11.49,11.58,1.0075623588692848,124973.9025,B,0.5,0.08790252393385556,0.07484769364664912,0.08006962576153165,0.0983463881636204
20251029,20251030,601336.SH,新华保险,保险,66.88,70.5,70.64,67.83,14:20:00,70.64,70.39975332,1.0091674087053195,277832.00049999997,B,0.5,0.0036806342015855975,-0.040062287655719064,-0.057899207248018114,-0.055067950169875424
20251031,20251103,603536.SH,惠发食品,食品,71.54,11.33,11.35,10.89,11:30:00,11.35,11.8,1.0024257476691405,110730.396,B,0.5,0.05550660792951545,0.05638766519823801,0.08546255506607925,0.12334801762114544
20251103,20251104,000159.SZ,国际实业,石油贸易,73.94,6.23,6.24,6.07,14:45:00,6.24,6.2,1.0187328209837752,174636.5645,B,0.5,-0.004807692307692402,0.009615384615384581,0.0032051282051281937,0.019230769230769162
20251103,20251104,600444.SH,国机通用,专用机械,75.51,18.86,18.9,18.22,09:35:00,18.9,20.52,1.0269859726445474,68990.23150000001,B,0.5,0.08359788359788367,0.06402116402116409,0.10476190476190483,0.07513227513227516
20251103,20251104,600526.SH,菲达环保,环境保护,66.87,5.63,5.64,5.47,13:15:00,5.64,5.65,1.0010127077838116,156176.83849999998,B,0.5,0.0,0.015957446808510856,0.02127659574468077,0.03900709219858167
20251105,20251106,603105.SH,芯能科技,电气设备,69.35,9.61,9.63,9.29,09:35:00,9.63,10.84,1.489712636224787,136750.535,A,1.0,0.10488058151609558,0.1298026998961579,0.13811007268951192,0.15057113187954307
20251106,20251107,600257.SH,大湖股份,渔业,75.37,5.87,5.88,5.72,13:25:00,5.88,6.05,1.002193994236654,157054.42349999998,B,0.5,0.03401360544217691,0.028911564625850428,0.04081632653061229,0.03231292517006801
20251106,20251107,603126.SH,中材节能,环境保护,66.07,7.43,7.44,7.23,14:50:00,7.44,7.51,1.016049945959613,117012.94850000001,B,0.5,0.009408602150537515,0.04166666666666652,0.03629032258064502,0.029569892473118253
20251107,20251110,600075.SH,新疆天业,化工原料,66.62,5.01,5.02,4.88,09:45:00,5.02,5.24,1.093138906139049,228960.838,B,0.5,0.02788844621513964,0.033864541832669515,0.02589641434262968,0.09362549800796827
20251110,20251111,000159.SZ,国际实业,石油贸易,72.73,6.44,6.45,6.25,13:20:00,6.45,6.67,1.003923811905331,182100.472,B,0.5,0.03410852713178292,0.03875968992248069,0.03875968992248069,0.06201550387596888
20251110,20251111,601226.SH,华电科工,建筑工程,72.96,7.97,7.99,7.66,09:35:00,7.99,8.33,1.1011516203721836,232989.713,B,0.5,0.042553191489361764,0.0,0.027534418022528317,0.003754693366708306
20251111,20251112,601288.SH,农业银行,银行,80.96,8.34,8.36,8.09,14:40:00,8.36,8.43678792,1.0225783954605125,4332333.853,B,0.5,0.027511961722488154,0.02392344497607679,0.01674641148325362,-0.004784688995215225
20251111,20251112,603660.SH,苏州科达,IT设备,68.77,9.1,9.12,8.71,10:10:00,9.12,9.39,1.0385808753524388,197636.029,B,0.5,0.023026315789473673,0.0274122807017545,0.04276315789473695,0.11513157894736858
20251112,20251113,603660.SH,苏州科达,IT设备,71.65,9.18,9.2,8.79,13:45:00,9.2,9.27,1.0559530212750305,208145.62350000002,B,0.5,0.018478260869565277,0.033695652173913127,0.10543478260869565,0.12717391304347836
20251114,20251117,600679.SH,上海凤凰,文教休闲,72.7,13.72,13.75,13.36,11:30:00,13.75,14.27,1.0043749190703888,93484.01499999998,B,0.5,0.034909090909091,0.012363636363636354,-0.0036363636363636598,-0.0036363636363636598
20251114,20251117,600776.SH,东方通信,通信设备,67.11,13.42,13.45,12.9,14:00:00,13.45,13.49,1.0080470613455168,252611.222,B,0.5,0.004460966542751077,-0.015613382899628214,-0.0342007434944237,-0.04163568773234194
20251114,20251117,603456.SH,九洲药业,医疗保健,64.73,20.5,20.54,19.65,10:35:00,20.54,21.93,1.017421519048071,293510.5995,B,0.5,0.06475170399221031,0.044790652385589214,-0.020447906523855752,-0.04089581304771173
20251118,20251119,601058.SH,赛轮轮胎,汽车配件,71.31,16.45,16.48,15.98,10:50:00,16.48,16.29,1.0160393523463975,244388.17200000002,B,0.5,-0.01759708737864074,-0.022451456310679685,-0.03276699029126218,-0.04429611650485443
20251120,20251121,600331.SH,宏达股份,农药化肥,74.26,11.25,11.27,10.73,10:20:00,11.27,11.25,1.0002041278268636,458967.31200000003,B,0.5,-0.019520851818988327,-0.06211180124223592,-0.04081632653061218,-0.03815439219165928
20251125,20251126,603338.SH,浙江鼎力,工程机械,72.12,55.22,55.33,53.56,13:50:00,55.33,55.63,1.0074483537977117,63734.284499999994,B,0.5,0.0036146755828665444,-0.00777155250316286,0.017531176576902174,0.006506416049159469
20251125,20251126,603638.SH,艾迪精密,专用机械,69.14,19.88,19.92,19.31,10:40:00,19.92,20.17136618,1.014899076001033,63428.96699999999,B,0.5,0.0025100401606423794,-0.0010040160642571516,0.011044176706827225,0.005020080321284981
20251126,20251127,600690.SH,海尔智家,家用电器,71.0,27.54,27.6,26.9,13:45:00,27.6,27.58,1.0050561377544178,388825.047,B,0.5,-0.00036231884057980057,-0.0007246376811594901,-0.004710144927536297,0.005797101449275477
20251127,20251128,605507.SH,国邦医药,化学制药,62.01,24.11,24.16,23.48,14:15:00,24.16,24.0,1.0032900571115966,37860.437,B,0.5,-0.007864238410596025,0.009519867549668826,0.005794701986755024,0.013658940397350827
20251128,20251201,603338.SH,浙江鼎力,工程机械,71.38,55.98,56.09,54.35,14:50:00,56.09,55.67,1.0071903796702262,57834.1505,B,0.5,-0.0071313959707614005,-0.014441076840791656,0.05794259226243548,0.06650026742734894
20251128,20251201,605507.SH,国邦医药,化学制药,61.23,24.22,24.27,23.61,11:25:00,24.27,24.44,1.0327227109679573,38536.966,B,0.5,0.0049443757725586845,0.0012360939431397266,0.0090646889163577,0.006592501030078246
20251203,20251204,603338.SH,浙江鼎力,工程机械,73.8,56.55,56.66,54.67,13:55:00,56.66,59.68,1.0019797368001646,61863.52649999999,B,0.5,0.05577126720790693,0.07042004941757862,0.07147899752912124,0.06900811860218847
20251205,20251208,601318.SH,中国平安,保险,60.5,60.22,60.34,58.81,10:35:00,60.34,62.89,1.0023696323553732,598209.4635,B,0.5,0.050712628438846385,0.03496851176665561,0.03662578720583354,0.03629433211799804
20251216,20251217,600795.SH,国电电力,火力发电,83.1,5.95,5.96,5.81,14:45:00,5.96,5.94,1.0002034821759578,1133175.419,B,0.5,-0.005033557046979942,0.005033557046979942,-0.01342281879194629,-0.015100671140939603
20251217,20251218,600298.SH,安琪酵母,食品,63.06,41.86,41.94,40.76,13:40:00,41.94,42.25,1.0037837070149944,57177.656500000005,B,0.5,0.004768717215069218,0.06318550309966642,0.08726752503576551,0.05412494039103488
20251217,20251218,600993.SH,马应龙,中成药,65.65,29.44,29.5,28.79,13:40:00,29.5,29.68,1.0021497053546826,46903.172,B,0.5,0.008135593220338855,0.021016949152542486,0.0077966101694915135,-0.017966101694915304
20251217,20251218,601156.SH,东航物流,仓储物流,63.85,17.26,17.29,16.86,14:50:00,17.29,17.84,1.0342623382915115,87977.679,B,0.5,0.03296703296703307,0.037015615962984416,0.055523423944476624,0.03990746096009268
20251217,20251218,603313.SH,梦百合,家居用品,60.94,9.64,9.66,9.33,14:30:00,9.66,9.58,1.0215128092033376,104726.0485,B,0.5,-0.010351966873705987,0.013457556935817738,0.005175983436852993,-0.005175983436853104
20251217,20251218,605099.SH,共创草坪,文教休闲,62.42,38.11,38.19,36.41,14:25:00,38.19,37.93,1.0057832537088256,23873.931000000004,B,0.5,-0.01230688661953383,-0.002356637863314859,0.012306886619533941,0.0010473946059177397
20251218,20251219,600298.SH,安琪酵母,食品,65.93,42.15,42.23,41.02,10:35:00,42.23,43.78,1.0249960244431457,59199.254,B,0.5,0.05588444233956924,0.07980108927302876,0.046886099928960645,0.04309732417712531
20251218,20251219,600795.SH,国电电力,火力发电,85.41,5.96,5.97,5.83,13:50:00,5.97,5.91,1.0726181266106571,1173541.607,B,0.5,-0.015075376884422065,-0.0167504187604689,-0.01005025125628134,-0.00670016750418756
20251218,20251219,600993.SH,马应龙,中成药,66.85,29.44,29.5,28.73,14:25:00,29.5,29.99,1.0261898510541783,48046.665,B,0.5,0.021016949152542486,0.0077966101694915135,-0.017966101694915304,-0.02745762711864408
20251219,20251222,000672.SZ,上峰水泥,水泥,63.02,11.51,11.53,11.1,10:00:00,11.53,11.51,1.0380609665523284,141593.803,B,0.5,-0.0078057241977450564,-0.0095403295750216,0.027753686036426695,0.038161318300086844
20251219,20251222,600298.SH,安琪酵母,食品,70.5,42.47,42.55,41.16,10:05:00,42.55,45.22,1.0286084515720033,64065.193999999996,B,0.5,0.07168037602820232,0.03901292596944783,0.03525264394829608,0.033137485311398374
20251219,20251222,601899.SH,紫金矿业,铜,73.47,31.95,32.01,30.84,13:45:00,32.01,32.42,1.0151247664438392,1921947.0005000003,B,0.5,0.01624492346141837,0.002499218994064467,0.009372071227741419,0.0006248047485162278
20251222,20251223,000672.SZ,上峰水泥,水泥,66.01,11.51,11.53,11.08,13:40:00,11.53,11.44,1.0058058214993657,152163.56549999997,B,0.5,-0.0095403295750216,0.027753686036426695,0.038161318300086844,0.038161318300086844
20251222,20251223,600428.SH,中远海特,水运,67.35,7.3,7.31,7.12,14:35:00,7.31,7.27,1.0101093436520716,238902.84900000002,B,0.5,-0.002735978112175075,-0.009575923392612817,-0.015047879616962967,-0.01641586867305056
20251222,20251223,601899.SH,紫金矿业,铜,75.49,31.95,32.01,30.75,13:30:00,32.01,32.32,1.000759932251012,1958786.455,B,0.5,0.002499218994064467,0.009372071227741419,0.0006248047485162278,0.04748516088722288
20251224,20251225,000672.SZ,上峰水泥,水泥,68.95,11.57,11.59,11.11,14:20:00,11.59,11.91,1.0052204001829068,167909.4455,B,0.5,0.032786885245901676,0.032786885245901676,0.0051768766177739955,0.018981880931837836
20251226,20251229,000612.SZ,焦作万方,铝,72.98,10.45,10.47,9.99,11:20:00,10.47,11.05,1.0057130776323737,478264.637,B,0.5,0.03151862464183375,0.05921680993314227,0.05253104106972284,0.08118433619866283
20251226,20251229,000630.SZ,铜陵有色,铜,72.93,5.64,5.65,5.4,10:05:00,5.65,5.85,1.0417384834364372,2951630.4225,B,0.5,0.014159292035398341,0.0265486725663715,0.06371681415929187,0.030088495575221197
20251226,20251229,000737.SZ,北方铜业,铜,80.66,14.92,14.95,14.31,10:30:00,14.95,15.54,1.014387294099139,632854.9299999999,B,0.5,0.01672240802675584,0.008695652173912993,0.02943143812709037,0.04013377926421424
20251226,20251229,000899.SZ,赣能股份,火力发电,67.92,10.35,10.37,10.12,13:05:00,10.37,10.21,1.0190796290452915,85153.30649999999,B,0.5,-0.022179363548698094,-0.03375120540019283,-0.045323047251687454,-0.03857280617164882
20251226,20251229,600057.SH,厦门象屿,仓储物流,64.36,8.84,8.86,8.5,14:40:00,8.86,8.71,1.003415533654,304322.576,B,0.5,-0.018058690744921058,-0.02483069977426622,-0.038374717832957095,-0.053047404063205295
20251226,20251229,601168.SH,西部矿业,铜,82.1,26.38,26.43,25.32,13:10:00,26.43,27.2257887,1.0033218420775019,428033.1415,B,0.5,0.006053726825576922,0.019674612183125273,0.04578130911842604,0.06205069996216417
20251229,20251230,000425.SZ,徐工机械,工程机械,68.11,11.38,11.4,11.01,14:40:00,11.4,11.31,1.0594912653464832,689698.9375,B,0.5,-0.0061403508771930015,0.015789473684210575,0.012280701754385781,0.03157894736842093
20251230,20251231,000425.SZ,徐工机械,工程机械,67.28,11.44,11.46,11.06,14:45:00,11.46,11.58,1.0027487276793725,674672.509,B,0.5,0.010471204188481575,0.00698080279232105,0.02617801047120416,0.023560209424083656
20251231,20260105,600869.SH,远东股份,电气设备,73.53,8.08,8.1,7.76,11:10:00,8.1,8.25,1.023342009649901,515461.444,B,0.5,0.013580246913580396,0.1148148148148147,0.22592592592592586,0.3481481481481481
20251231,20260105,600909.SH,华安证券,证券,70.1,6.85,6.86,6.69,13:45:00,6.86,6.83,1.0021043451967522,514499.47550000006,B,0.5,0.007288629737609353,0.10787172011661794,0.09766763848396498,0.036443148688046545
20251231,20260105,603885.SH,吉祥航空,空运,69.97,14.45,14.48,13.89,14:50:00,14.48,14.75,1.0021145887106977,182535.02349999998,B,0.5,0.0200276243093922,0.05386740331491713,0.046270718232044095,0.037292817679557944
20260105,20260106,000776.SZ,广发证券,证券,73.38,22.56,22.61,21.91,10:40:00,22.61,23.48,1.0471611554385438,546105.8949999999,B,0.5,0.051747014595311835,0.02432551968155683,-0.015479876160990669,-0.01326846528084924
20260105,20260106,000803.SZ,山高环能,环境保护,64.32,7.35,7.36,6.99,09:40:00,7.36,7.98,1.0127759024274978,164723.74550000002,B,0.5,0.06385869565217384,0.059782608695652106,0.06385869565217384,0.11277173913043459
20260105,20260106,600312.SH,平高电气,电气设备,66.73,18.25,18.29,17.67,13:15:00,18.29,18.51,1.0029648851097546,233486.61899999995,B,0.5,0.016402405686167354,0.013121924548934016,0.030617823947512335,0.03827227993439042
20260105,20260106,600869.SH,远东股份,电气设备,74.83,8.13,8.15,7.8,13:25:00,8.15,8.64,1.109610076070743,541762.0954999999,B,0.5,0.10797546012269921,0.21840490797545997,0.33987730061349697,0.2957055214723927
20260106,20260107,000776.SZ,广发证券,证券,74.51,23.06,23.11,22.37,13:30:00,23.11,23.09,1.0484899304843465,570658.232,B,0.5,0.002163565556036362,-0.03678061445261782,-0.03461704889658157,-0.017308524448290674
20260106,20260107,600312.SH,平高电气,电气设备,69.03,18.3,18.34,17.72,13:55:00,18.34,18.48,1.0124217276941836,242495.092,B,0.5,0.010359869138495181,0.027808069792802703,0.03544165757906215,0.03925845147219187
20260106,20260107,601688.SH,华泰证券,证券,75.55,24.36,24.41,23.42,14:45:00,24.41,25.1,1.0091429106763825,985273.106,B,0.5,0.03318312167144599,-0.018844735764031117,-0.018844735764031117,-0.020483408439164297
20260107,20260108,600089.SH,特变电工,电气设备,70.05,23.79,23.84,22.89,14:25:00,23.84,23.97,1.0248800787101657,1940689.6,B,0.5,0.008808724832214843,0.04614093959731558,0.043624161073825496,0.14807046979865768
20260107,20260108,600312.SH,平高电气,电气设备,68.25,18.64,18.68,18.06,14:20:00,18.68,18.81,1.0049603955065018,248396.62449999998,B,0.5,0.009100642398287118,0.016595289079229136,0.020342612419700146,0.058886509635974305
20260107,20260108,600352.SH,浙江龙盛,染料涂料,63.92,11.15,11.17,10.92,14:10:00,11.17,11.28,1.034081362576436,196175.24049999999,B,0.5,0.00895255147717089,0.009847806624887934,0.009847806624887934,0.0008952551477170445
20260108,20260109,000959.SZ,首钢股份,普钢,82.08,5.06,5.07,4.88,13:40:00,5.07,4.91,1.0099457788618138,476144.00700000004,B,0.5,-0.0335305719921104,0.027613412228796763,0.021696252465483123,0.03155818540433919
20260108,20260109,603499.SH,翔港科技,广告包装,68.25,21.24,21.28,20.26,11:30:00,21.28,22.31,1.0291651781528268,62415.44249999999,B,0.5,0.041353383458646586,0.07283834586466154,0.04981203007518786,0.03054511278195471
20260109,20260112,603132.SH,金徽股份,铅锌,70.26,15.35,15.38,14.77,13:45:00,15.38,15.37,1.0214359790000331,58971.9975,B,0.5,0.0019505851755525772,0.020156046814044037,0.01820546163849146,0.057217165149545
20260112,20260113,000977.SZ,浪潮信息,IT设备,74.96,69.43,69.57,66.87,13:15:00,69.57,68.13,1.001620742966649,510198.41949999996,B,0.5,-0.02745436251257727,-0.00028748023573377246,-0.02069857697283306,-0.021273537444300605
20260112,20260113,603889.SH,新澳股份,纺织,60.75,8.26,8.28,7.88,10:10:00,8.28,9.16,1.0389496106836067,103275.384,B,0.5,0.07487922705314021,0.09420289855072483,0.07487922705314021,0.07608695652173925
20260115,20260116,600487.SH,亨通光电,通信设备,79.7,25.39,25.44,24.31,14:45:00,25.44,25.51,1.0201010812033806,1333602.841,B,0.5,0.0074685534591194536,0.06446540880503138,0.09198113207547176,0.09944968553459099
20260116,20260119,600487.SH,亨通光电,通信设备,78.84,25.39,25.44,24.35,11:05:00,25.44,27.46,1.0062666910913152,1318422.255,B,0.5,0.06446540880503138,0.09198113207547176,0.09944968553459099,0.06092767295597468
20260119,20260120,001287.SZ,中电港,元器件,68.46,24.7,24.75,23.87,11:25:00,24.75,25.19,1.0404556129806222,246328.45150000002,B,0.5,0.011717171717171793,0.06101010101010118,0.05252525252525264,0.06585858585858584
20260120,20260121,603098.SH,森特股份,装修装饰,74.02,14.8,14.83,14.38,14:05:00,14.83,15.08,1.0114486241728897,73631.81700000001,B,0.5,0.014160485502360043,0.022926500337154376,0.061362103843560334,0.06405933917734319
20260120,20260121,605111.SH,新洁能,半导体,63.29,38.43,38.51,37.17,14:20:00,38.51,38.62,1.008362718743716,157997.4815,B,0.5,0.002337055310309033,0.1023110880290834,0.11139963645806272,0.12204622176058177
20260121,20260122,603798.SH,康普顿,石油加工,69.89,17.35,17.38,16.53,14:50:00,17.38,18.1,1.012391986847758,61658.231999999996,B,0.5,0.04142692750287691,0.06501726121979301,-0.0414269275028768,-0.09436133486766396
20260204,20260205,601872.SH,招商轮船,水运,78.31,11.64,11.66,10.97,14:50:00,11.66,11.66,1.0072525890055948,1207512.3095,B,0.5,-0.0008576329331045907,-0.025728987993139052,0.030874785591766596,0.05660377358490565
20260209,20260210,600163.SH,中闽能源,新型电力,68.09,6.02,6.03,5.82,14:30:00,6.03,5.95,1.002747752984087,400428.46150000003,B,0.5,-0.01492537313432829,0.0016583747927030323,0.018242122719734466,-0.009950248756218971
20260224,20260225,600929.SH,雪天盐业,食品,71.98,6.22,6.23,6.05,13:25:00,6.23,6.44,1.0037383094863204,273344.5435,B,0.5,0.024077046548956593,0.05617977528089879,0.052969502407704594,0.052969502407704594
20260225,20260226,600929.SH,雪天盐业,食品,73.18,6.24,6.25,6.05,13:50:00,6.25,6.61,1.035378663291175,285414.6415,B,0.5,0.05279999999999996,0.049599999999999866,0.049599999999999866,0.02400000000000002
20260226,20260227,600510.SH,黑牡丹,全国地产,65.57,9.99,10.01,9.49,11:10:00,10.01,10.63,1.0053691236434146,133938.33849999998,B,0.5,0.0449550449550451,-0.020979020979020935,-0.06593406593406592,-0.08391608391608385
20260302,20260303,000985.SZ,大庆华科,化工原料,72.85,22.15,22.19,21.26,10:00:00,22.19,23.5,1.14203197262306,37451.666000000005,B,0.5,0.11311401532221721,0.0018026137899953554,-0.046867958539882904,-0.035150968904912205
