signal_date,confirm_date,ts_code,signal_score,signal_grade,entry_price,ret_t1,ret_t2,ret_t3
20250930,20251009,600499.SH,63.25,A,12.1,-0.0008264462809917106,-0.01983471074380172,-0.0380165289256198
20251015,20251016,601059.SH,62.96,A,19.69,0.015744032503808958,0.011173184357541777,0.003047232097511454
20251029,20251030,601336.SH,66.88,B,70.64,-0.040062287655719064,-0.057899207248018114,-0.055067950169875424
20251030,20251031,601336.SH,73.84,B,70.64,-0.057899207248018114,-0.055067950169875424,-0.0618629671574179
20251103,20251104,000159.SZ,73.94,B,6.24,0.009615384615384581,0.0032051282051281937,0.019230769230769162
20251103,20251104,601677.SH,71.67,B,15.33,-0.030658838878017014,0.010437051532941943,0.004566210045662045
20251103,20251104,600526.SH,66.87,A,5.64,0.015957446808510856,0.02127659574468077,0.03900709219858167
20251105,20251106,603105.SH,69.35,A,9.63,0.1298026998961579,0.13811007268951192,0.15057113187954307
20251106,20251107,600257.SH,75.37,A,5.88,0.028911564625850428,0.04081632653061229,0.03231292517006801
20251106,20251107,603126.SH,66.07,B,7.44,0.04166666666666652,0.03629032258064502,0.029569892473118253
20251107,20251110,600075.SH,66.62,A,5.02,0.033864541832669515,0.02589641434262968,0.09362549800796827
20251110,20251111,601226.SH,72.96,A,7.99,0.0,0.027534418022528317,0.003754693366708306
20251110,20251111,000159.SZ,72.73,A,6.45,0.03875968992248069,0.03875968992248069,0.06201550387596888
20251111,20251112,601288.SH,80.96,B,8.36,0.02392344497607679,0.01674641148325362,-0.004784688995215225
20251111,20251112,603660.SH,68.77,A,9.12,0.0274122807017545,0.04276315789473695,0.11513157894736858
20251112,20251113,603660.SH,71.65,A,9.2,0.033695652173913127,0.10543478260869565,0.12717391304347836
20251114,20251117,600679.SH,72.7,A,13.75,0.012363636363636354,-0.0036363636363636598,-0.0036363636363636598
20251114,20251117,600776.SH,67.11,A,13.45,-0.015613382899628214,-0.0342007434944237,-0.04163568773234194
20251114,20251117,603456.SH,64.73,A,20.54,0.044790652385589214,-0.020447906523855752,-0.04089581304771173
20251118,20251119,601058.SH,71.31,A,16.48,-0.022451456310679685,-0.03276699029126218,-0.04429611650485443
20251120,20251121,600331.SH,74.26,A,11.27,-0.06211180124223592,-0.04081632653061218,-0.03815439219165928
20251125,20251126,603338.SH,72.12,A,55.33,-0.00777155250316286,0.017531176576902174,0.006506416049159469
20251125,20251126,603638.SH,69.14,A,19.92,-0.0010040160642571516,0.011044176706827225,0.005020080321284981
20251126,20251127,600690.SH,71.0,A,27.6,-0.0007246376811594901,-0.004710144927536297,0.005797101449275477
20251127,20251128,605507.SH,62.01,A,24.16,0.009519867549668826,0.005794701986755024,0.013658940397350827
20251128,20251201,603338.SH,71.38,B,56.09,-0.014441076840791656,0.05794259226243548,0.06650026742734894
20251128,20251201,605507.SH,61.23,A,24.27,0.0012360939431397266,0.0090646889163577,0.006592501030078246
20251202,20251203,603187.SH,71.52,B,15.53,-0.030264005151319995,-0.02446877012234383,-0.051513200257565894
20251203,20251204,603338.SH,73.8,A,56.66,0.07042004941757862,0.07147899752912124,0.06900811860218847
20251205,20251208,601318.SH,60.5,A,60.34,0.03496851176665561,0.03662578720583354,0.03629433211799804
20251217,20251218,600993.SH,65.65,A,29.5,0.021016949152542486,0.0077966101694915135,-0.017966101694915304
20251217,20251218,601156.SH,63.85,B,17.29,0.037015615962984416,0.055523423944476624,0.03990746096009268
20251217,20251218,600298.SH,63.06,A,41.94,0.06318550309966642,0.08726752503576551,0.05412494039103488
20251217,20251218,605099.SH,62.42,B,38.19,-0.002356637863314859,0.012306886619533941,0.0010473946059177397
20251217,20251218,603313.SH,60.94,B,9.66,0.013457556935817738,0.005175983436852993,-0.005175983436853104
20251218,20251219,600795.SH,85.41,A,5.97,-0.0167504187604689,-0.01005025125628134,-0.00670016750418756
20251218,20251219,600993.SH,66.85,A,29.5,0.0077966101694915135,-0.017966101694915304,-0.02745762711864408
20251218,20251219,603313.SH,63.91,B,9.66,0.005175983436852993,-0.005175983436853104,-0.010351966873705987
20251219,20251222,601899.SH,73.47,A,32.01,0.002499218994064467,0.009372071227741419,0.0006248047485162278
20251219,20251222,600298.SH,70.5,A,42.55,0.03901292596944783,0.03525264394829608,0.033137485311398374
20251219,20251222,000672.SZ,63.02,A,11.53,-0.0095403295750216,0.027753686036426695,0.038161318300086844
20251222,20251223,601899.SH,75.49,A,32.01,0.009372071227741419,0.0006248047485162278,0.04748516088722288
20251222,20251223,600428.SH,67.35,B,7.31,-0.009575923392612817,-0.015047879616962967,-0.01641586867305056
20251222,20251223,000672.SZ,66.01,A,11.53,0.027753686036426695,0.038161318300086844,0.038161318300086844
20251224,20251225,603901.SH,83.72,B,14.22,-0.02320675105485237,0.005625879043600568,-0.002812939521800395
20251224,20251225,000672.SZ,68.95,A,11.59,0.032786885245901676,0.0051768766177739955,0.018981880931837836
20251225,20251226,603901.SH,82.48,B,14.2,0.007042253521126751,-0.0014084507042253502,0.0
20251226,20251229,601168.SH,82.1,A,26.43,0.019674612183125273,0.04578130911842604,0.06205069996216417
20251226,20251229,000737.SZ,80.66,A,14.95,0.008695652173912993,0.02943143812709037,0.04013377926421424
20251226,20251229,000612.SZ,72.98,A,10.47,0.05921680993314227,0.05253104106972284,0.08118433619866283
20251226,20251229,000630.SZ,72.93,A,5.65,0.0265486725663715,0.06371681415929187,0.030088495575221197
20251226,20251229,601689.SH,72.36,B,72.59,0.07287505166000807,0.06323185011709609,0.060889929742388826
20251226,20251229,000899.SZ,67.92,A,10.37,-0.03375120540019283,-0.045323047251687454,-0.03857280617164882
20251226,20251229,600057.SH,64.36,B,8.86,-0.02483069977426622,-0.038374717832957095,-0.053047404063205295
20251229,20251230,000425.SZ,68.11,B,11.4,0.015789473684210575,0.012280701754385781,0.03157894736842093
20251230,20251231,000425.SZ,67.28,B,11.46,0.00698080279232105,0.02617801047120416,0.023560209424083656
20251231,20260105,600869.SH,73.53,A,8.1,0.1148148148148147,0.22592592592592586,0.3481481481481481
20251231,20260105,600909.SH,70.1,A,6.86,0.10787172011661794,0.09766763848396498,0.036443148688046545
20251231,20260105,603885.SH,69.97,B,14.48,0.05386740331491713,0.046270718232044095,0.037292817679557944
20260105,20260106,600885.SH,76.24,B,31.54,-0.0069752694990488084,-0.015218769816106592,0.0025364616360177283
20260105,20260106,600312.SH,66.73,A,18.29,0.013121924548934016,0.030617823947512335,0.03827227993439042
20260105,20260106,000803.SZ,64.32,A,7.36,0.059782608695652106,0.06385869565217384,0.11277173913043459
20260106,20260107,601688.SH,75.55,B,24.41,-0.018844735764031117,-0.018844735764031117,-0.020483408439164297
20260106,20260107,000776.SZ,74.51,A,23.11,-0.03678061445261782,-0.03461704889658157,-0.017308524448290674
20260106,20260107,603379.SH,71.91,B,61.3,-0.03817292006525275,-0.034584013050570905,-0.06574225122349098
20260106,20260107,600312.SH,69.03,A,18.34,0.027808069792802703,0.03544165757906215,0.03925845147219187
20260107,20260108,600089.SH,70.05,B,23.84,0.04614093959731558,0.043624161073825496,0.14807046979865768
20260107,20260108,600312.SH,68.25,B,18.68,0.016595289079229136,0.020342612419700146,0.058886509635974305
20260107,20260108,600352.SH,63.92,A,11.17,0.009847806624887934,0.009847806624887934,0.0008952551477170445
20260108,20260109,000959.SZ,82.08,A,5.07,0.027613412228796763,0.021696252465483123,0.03155818540433919
20260108,20260109,600039.SH,71.19,B,10.21,0.023506366307541438,0.0186092066601371,-0.0009794319294810228
20260108,20260109,603499.SH,68.25,A,21.28,0.07283834586466154,0.04981203007518786,0.03054511278195471
20260109,20260112,603132.SH,70.26,A,15.38,0.020156046814044037,0.01820546163849146,0.057217165149545
20260112,20260113,000977.SZ,74.96,A,69.57,-0.00028748023573377246,-0.02069857697283306,-0.021273537444300605
20260112,20260113,603889.SH,60.75,A,8.28,0.09420289855072483,0.07487922705314021,0.07608695652173925
20260115,20260116,600487.SH,79.7,B,25.44,0.06446540880503138,0.09198113207547176,0.09944968553459099
20260116,20260119,600487.SH,78.84,A,25.44,0.09198113207547176,0.09944968553459099,0.06092767295597468
20260116,20260119,603500.SH,69.72,B,12.86,0.043545878693623585,0.0738724727838258,0.06531881804043538
20260119,20260120,001287.SZ,68.46,A,24.75,0.06101010101010118,0.05252525252525264,0.06585858585858584
20260120,20260121,603098.SH,74.02,B,14.83,0.022926500337154376,0.061362103843560334,0.06405933917734319
20260120,20260121,605111.SH,63.29,B,38.51,0.1023110880290834,0.11139963645806272,0.12204622176058177
20260121,20260122,603798.SH,69.89,B,17.38,0.06501726121979301,-0.0414269275028768,-0.09436133486766396
20260204,20260205,601872.SH,78.31,B,11.66,-0.025728987993139052,0.030874785591766596,0.05660377358490565
20260209,20260210,600163.SH,68.09,B,6.03,0.0016583747927030323,0.018242122719734466,-0.009950248756218971
20260224,20260225,600929.SH,71.98,A,6.23,0.05617977528089879,0.052969502407704594,0.052969502407704594
20260225,20260226,600929.SH,73.18,A,6.25,0.049599999999999866,0.049599999999999866,0.02400000000000002
20260226,20260227,600510.SH,65.57,A,10.01,-0.020979020979020935,-0.06593406593406592,-0.08391608391608385
