date,symbol,buy_price,sell_price_t2,sell_price_t3,sell_price_t4,sell_price_t5,return_t2,return_t3,return_t4,return_t5
20250901,600010,2.72,2.56,2.44,2.48,2.46,-0.058823529411764754,-0.10294117647058831,-0.08823529411764713,-0.09558823529411772
20250901,601933,5.39,5.21,5.32,5.21,5.2,-0.03339517625231906,-0.012987012987012875,-0.03339517625231906,-0.0352504638218923
20250901,601818,3.72,3.74,3.75,3.71,3.66,0.00537634408602151,0.008064516129032206,-0.0026881720430108145,-0.01612903225806453
20250901,600518,2.11,2.05,2.03,2.03,2.04,-0.028436018957345998,-0.037914691943128,-0.037914691943128,-0.03317535545023689
20250901,601169,6.08,6.09,6.13,6.06,5.98,0.0016447368421052282,0.008223684210526286,-0.003289473684210602,-0.01644736842105257
20250902,601099,4.7,4.79,4.71,4.76,4.67,0.019148936170212735,0.0021276595744680396,0.012765957446808427,-0.006382978723404308
20250902,600010,2.65,2.44,2.48,2.46,2.44,-0.0792452830188679,-0.06415094339622639,-0.07169811320754715,-0.0792452830188679
20250902,601929,5.03,4.98,5.45,5.47,5.8,-0.009940357852882668,0.0834990059642147,0.08747514910536769,0.15308151093439354
20250902,600157,1.48,1.42,1.44,1.44,1.44,-0.04054054054054058,-0.027027027027027053,-0.027027027027027053,-0.027027027027027053
20250902,601398,7.57,7.54,7.44,7.4,7.43,-0.0039630118890357,-0.017173051519154544,-0.022457067371202104,-0.01849405548216652
20250903,600010,2.54,2.48,2.46,2.44,2.43,-0.02362204724409451,-0.03149606299212601,-0.039370078740157514,-0.04330708661417318
20250903,601099,4.39,4.71,4.76,4.67,4.8,0.07289293849658321,0.08428246013667429,0.06378132118451031,0.0933940774487472
20250903,600157,1.44,1.44,1.44,1.44,1.44,0.0,0.0,0.0,0.0
20250903,601929,5.4,5.45,5.47,5.8,5.81,0.009259259259259226,0.01296296296296285,0.07407407407407397,0.07592592592592579
20250903,000564,2.59,2.7,2.63,2.71,2.78,0.042471042471042594,0.015444015444015458,0.04633204633204638,0.07335907335907334
20250904,601099,4.8,4.76,4.67,4.8,5.01,-0.008333333333333342,-0.027083333333333313,0.0,0.04375
20250904,600010,2.43,2.46,2.44,2.43,2.48,0.012345679012345599,0.0041152263374484715,0.0,0.020576131687242726
20250904,000564,2.65,2.63,2.71,2.78,2.76,-0.007547169811320762,0.022641509433962283,0.04905660377358487,0.04150943396226411
20250904,601288,7.45,7.26,7.31,7.29,7.28,-0.025503355704698038,-0.018791946308724907,-0.021476510067114114,-0.022818791946308713
20250904,601398,7.52,7.4,7.43,7.47,7.51,-0.015957446808510536,-0.011968085106382961,-0.006648936170212743,-0.001329787234042525
20250905,601099,4.66,4.67,4.8,5.01,4.92,0.00214592274678107,0.030042918454935553,0.07510729613733898,0.05579399141630897
20250905,601929,5.33,5.8,5.81,5.77,6.25,0.08818011257035642,0.09005628517823631,0.0825515947467166,0.17260787992495308
20250905,600010,2.48,2.44,2.43,2.48,2.52,-0.01612903225806453,-0.020161290322580575,0.0,0.01612903225806453
20250905,000564,2.65,2.71,2.78,2.76,2.72,0.022641509433962283,0.04905660377358487,0.04150943396226411,0.02641509433962275
20250905,601288,7.23,7.31,7.29,7.28,7.24,0.011065006915629208,0.008298755186721938,0.006915629322268302,0.0013831258644536356
20250908,600050,5.61,5.76,5.77,5.68,5.58,0.026737967914438405,0.02852049910873427,0.012477718360071192,-0.0053475935828877445
20250908,601929,5.5,5.81,5.77,6.25,6.14,0.05636363636363629,0.04909090909090901,0.13636363636363635,0.11636363636363631
20250908,601099,4.69,4.8,5.01,4.92,4.92,0.023454157782515868,0.06823027718550093,0.04904051172707879,0.04904051172707879
20250908,600010,2.45,2.43,2.48,2.52,2.51,-0.008163265306122455,0.012244897959183593,0.028571428571428505,0.024489795918367186
20250908,600601,9.16,9.34,10.27,11.3,11.93,0.01965065502183403,0.12117903930130998,0.23362445414847166,0.3024017467248908
20250909,600010,2.42,2.48,2.52,2.51,2.5,0.024793388429752088,0.04132231404958681,0.037190082644628045,0.03305785123966945
20250909,601929,5.58,5.77,6.25,6.14,5.87,0.034050179211469446,0.1200716845878136,0.10035842293906803,0.05197132616487456
20250909,600050,5.55,5.77,5.68,5.58,5.58,0.039639639639639596,0.023423423423423406,0.005405405405405451,0.005405405405405451
20250909,601216,5.4,5.36,5.33,5.28,5.29,-0.007407407407407414,-0.012962962962963015,-0.02222222222222224,-0.020370370370370428
20250909,601099,4.63,5.01,4.92,4.92,5.11,0.08207343412526996,0.06263498920086394,0.06263498920086394,0.10367170626349902
20250910,600050,5.68,5.68,5.58,5.58,5.62,0.0,-0.01760563380281684,-0.01760563380281684,-0.010563380281690073
20250910,601929,5.81,6.25,6.14,5.87,5.41,0.07573149741824448,0.05679862306368332,0.010327022375215232,-0.06884681583476755
20250910,601099,4.74,4.92,4.92,5.11,5.1,0.037974683544303736,0.037974683544303736,0.07805907172995782,0.07594936708860747
20250910,600010,2.43,2.52,2.51,2.5,2.48,0.03703703703703698,0.03292181069958832,0.02880658436213985,0.020576131687242726
20250910,000564,2.74,2.72,2.66,2.93,2.96,-0.0072992700729927066,-0.029197080291970826,0.06934306569343063,0.08029197080291961
20250911,601099,4.94,4.92,5.11,5.1,4.86,-0.00404858299595151,0.03441295546558703,0.032388663967611184,-0.016194331983805682
20250911,600050,5.75,5.58,5.58,5.62,5.47,-0.029565217391304334,-0.029565217391304334,-0.022608695652173893,-0.048695652173913084
20250911,600010,2.48,2.51,2.5,2.48,2.41,0.012096774193548309,0.008064516129032265,0.0,-0.02822580645161284
20250911,600157,1.45,1.53,1.56,1.55,1.71,0.055172413793103496,0.07586206896551731,0.06896551724137938,0.17931034482758623
20250911,601929,5.81,6.14,5.87,5.41,5.02,0.05679862306368332,0.010327022375215232,-0.06884681583476755,-0.1359724612736661
20250912,600010,2.52,2.5,2.48,2.41,2.38,-0.007936507936507943,-0.015873015873015886,-0.0436507936507936,-0.0555555555555556
20250912,600157,1.49,1.56,1.55,1.71,1.69,0.046979865771812124,0.040268456375838965,0.14765100671140938,0.13422818791946306
20250912,601929,6.08,5.87,5.41,5.02,4.78,-0.03453947368421052,-0.11019736842105261,-0.17434210526315796,-0.21381578947368418
20250912,601099,4.91,5.11,5.1,4.86,4.67,0.04073319755600818,0.03869653767820764,-0.010183299389002,-0.048879837067209816
20250912,600050,5.66,5.58,5.62,5.47,5.42,-0.01413427561837457,-0.007067137809187285,-0.03356890459363964,-0.04240282685512371
20250915,600157,1.54,1.55,1.71,1.69,1.62,0.006493506493506499,0.11038961038961034,0.09740259740259734,0.05194805194805199
20250915,600518,2.18,2.17,2.17,2.08,2.07,-0.0045871559633028575,-0.0045871559633028575,-0.04587155963302756,-0.05045871559633042
20250915,600103,4.5,4.54,4.85,4.37,3.93,0.008888888888888898,0.0777777777777777,-0.028888888888888867,-0.12666666666666662
20250915,600010,2.51,2.48,2.41,2.38,2.38,-0.011952191235059684,-0.039840637450199064,-0.051792828685258925,-0.051792828685258925
20250915,601929,5.9,5.41,5.02,4.78,4.3,-0.08305084745762716,-0.14915254237288147,-0.18983050847457628,-0.27118644067796616
20250916,600157,1.56,1.71,1.69,1.62,1.72,0.09615384615384609,0.08333333333333326,0.03846153846153849,0.1025641025641025
20250916,600221,1.68,1.73,1.66,1.64,1.6,0.029761904761904788,-0.011904761904761916,-0.023809523809523832,-0.04761904761904753
20250916,600016,4.13,4.03,4.05,4.04,4.09,-0.024213075060532604,-0.01937046004842617,-0.021791767554479386,-0.009685230024213084
20250916,600010,2.46,2.41,2.38,2.38,2.3,-0.020325203252032447,-0.032520325203252064,-0.032520325203252064,-0.06504065040650413
20250916,601099,5.06,4.86,4.67,4.72,4.53,-0.039525691699604605,-0.07707509881422919,-0.06719367588932804,-0.10474308300395245
20250917,600170,3.54,3.49,3.25,3.5,3.25,-0.014124293785310684,-0.08192090395480227,-0.011299435028248598,-0.08192090395480227
20250917,000564,2.96,2.76,2.73,2.63,2.63,-0.06756756756756763,-0.0777027027027027,-0.11148648648648651,-0.11148648648648651
20250917,600221,1.7,1.66,1.64,1.6,1.6,-0.023529411764705903,-0.03529411764705886,-0.05882352941176463,-0.05882352941176463
20250917,600157,1.58,1.69,1.62,1.72,1.66,0.06962025316455688,0.025316455696202552,0.08860759493670879,0.050632911392404965
20250917,601099,5.02,4.67,4.72,4.53,4.57,-0.06972111553784854,-0.05976095617529877,-0.09760956175298792,-0.08964143426294807
20250918,600170,3.66,3.25,3.5,3.25,3.09,-0.11202185792349731,-0.043715846994535554,-0.11202185792349731,-0.15573770491803285
20250918,600157,1.78,1.62,1.72,1.66,1.61,-0.08988764044943816,-0.03370786516853935,-0.0674157303370787,-0.09550561797752805
20250918,600221,1.72,1.64,1.6,1.6,1.58,-0.046511627906976785,-0.06976744186046505,-0.06976744186046505,-0.08139534883720925
20250918,600010,2.41,2.38,2.3,2.31,2.31,-0.01244813278008309,-0.045643153526971084,-0.04149377593360999,-0.04149377593360999
20250918,601099,4.82,4.72,4.53,4.57,4.51,-0.02074688796680509,-0.06016597510373444,-0.051867219917012444,-0.06431535269709554
20250919,600157,1.65,1.72,1.66,1.61,1.61,0.04242424242424246,0.006060606060606067,-0.02424242424242413,-0.02424242424242413
20250919,600221,1.65,1.6,1.6,1.58,1.59,-0.030303030303030196,-0.030303030303030196,-0.04242424242424233,-0.036363636363636265
20250919,600170,3.15,3.5,3.25,3.09,2.96,0.11111111111111115,0.03174603174603177,-0.019047619047619067,-0.060317460317460304
20250919,601929,4.5,3.88,3.91,3.73,3.55,-0.1377777777777778,-0.13111111111111107,-0.1711111111111111,-0.21111111111111114
20250919,600010,2.38,2.3,2.31,2.31,2.28,-0.033613445378151294,-0.029411764705882287,-0.029411764705882287,-0.042016806722689114
20250922,600157,1.63,1.66,1.61,1.61,1.62,0.01840490797546014,-0.012269938650306624,-0.012269938650306624,-0.006134969325153244
20250922,600170,3.13,3.25,3.09,2.96,2.99,0.03833865814696489,-0.012779552715654964,-0.05431309904153352,-0.04472843450479223
20250922,600010,2.37,2.31,2.31,2.28,2.34,-0.025316455696202552,-0.025316455696202552,-0.037974683544303924,-0.01265822784810137
20250922,600221,1.63,1.6,1.58,1.59,1.6,-0.018404907975460003,-0.030674846625766763,-0.024539877300613383,-0.018404907975460003
20250922,601288,6.44,6.57,6.61,6.62,6.62,0.02018633540372669,0.026397515527950298,0.027950310559006167,0.027950310559006167
20250923,600157,1.68,1.61,1.61,1.62,1.63,-0.041666666666666574,-0.041666666666666574,-0.035714285714285615,-0.029761904761904788
20250923,600170,3.35,3.09,2.96,2.99,2.95,-0.07761194029850753,-0.11641791044776123,-0.10746268656716414,-0.11940298507462684
20250923,600010,2.3,2.31,2.28,2.34,2.38,0.004347826086956622,-0.008695652173913052,0.017391304347826105,0.03478260869565221
20250923,601288,6.62,6.61,6.62,6.62,6.67,-0.001510574018126856,0.0,0.0,0.007552870090634414
20250923,601398,7.39,7.38,7.41,7.33,7.3,-0.0013531799729363718,0.0027063599458728637,-0.008119079837618351,-0.012178619756427585
20250924,600157,1.65,1.61,1.62,1.63,1.7,-0.02424242424242413,-0.018181818181818063,-0.012121212121212133,0.03030303030303033
20250924,600170,3.18,2.96,2.99,2.95,3.09,-0.06918238993710697,-0.059748427672955955,-0.07232704402515722,-0.028301886792452925
20250924,601727,9.0,9.44,9.26,9.44,10.38,0.048888888888888836,0.028888888888888867,0.048888888888888836,0.15333333333333343
20250924,600635,5.97,5.15,5.67,5.87,6.46,-0.1373534338358458,-0.05025125628140701,-0.01675041876046895,0.0820770519262982
20250924,600103,3.83,3.66,3.8,3.68,3.65,-0.044386422976501284,-0.007832898172323825,-0.03916449086161877,-0.0469973890339426
20250925,601727,9.76,9.26,9.44,10.38,10.46,-0.05122950819672131,-0.03278688524590167,0.06352459016393452,0.07172131147540994
20250925,600157,1.61,1.62,1.63,1.7,1.72,0.006211180124223607,0.012422360248447077,0.055900621118012334,0.06832298136645955
20250925,600170,3.05,2.99,2.95,3.09,3.02,-0.019672131147540857,-0.03278688524590152,0.013114754098360668,-0.009836065573770428
20250925,600103,3.92,3.8,3.68,3.65,3.53,-0.03061224489795921,-0.06122448979591831,-0.06887755102040817,-0.09948979591836737
20250925,600010,2.31,2.34,2.38,2.58,2.54,0.012987012987012903,0.030303030303030234,0.1168831168831169,0.09956709956709955
20250926,601727,9.4,9.44,10.38,10.46,10.77,0.004255319148936079,0.10425531914893621,0.11276595744680856,0.14574468085106373
20250926,600157,1.6,1.63,1.7,1.72,1.74,0.018749999999999878,0.06249999999999992,0.07499999999999993,0.08749999999999994
20250926,600170,2.96,2.95,3.09,3.02,2.96,-0.0033783783783783066,0.04391891891891889,0.02027027027027029,0.0
20250926,600010,2.28,2.38,2.58,2.54,2.79,0.043859649122807064,0.13157894736842118,0.11403508771929835,0.2236842105263159
20250926,600103,3.58,3.68,3.65,3.53,3.47,0.02793296089385477,0.01955307262569828,-0.013966480446927448,-0.030726256983240188
20250929,600157,1.62,1.7,1.72,1.74,1.7,0.049382716049382616,0.06172839506172831,0.074074074074074,0.049382716049382616
20250929,600010,2.34,2.58,2.54,2.79,2.91,0.10256410256410266,0.08547008547008556,0.1923076923076924,0.24358974358974372
20250929,600170,2.97,3.09,3.02,2.96,2.96,0.04040404040404029,0.016835016835016776,-0.0033670033670034445,-0.0033670033670034445
20250929,601727,9.31,10.38,10.46,10.77,10.14,0.11493018259935556,0.1235230934479055,0.1568206229860364,0.0891514500537057
20250929,600030,30.28,29.65,29.68,29.2,29.03,-0.020805812417437335,-0.019815059445178383,-0.035667107001321065,-0.04128137384412153
20250930,600010,2.46,2.54,2.79,2.91,2.77,0.032520325203252064,0.13414634146341467,0.18292682926829276,0.12601626016260165
20250930,600157,1.65,1.72,1.74,1.7,1.69,0.04242424242424246,0.0545454545454546,0.03030303030303033,0.024242424242424267
20250930,600170,2.98,3.02,2.96,2.96,2.98,0.01342281879194632,-0.00671140939597316,-0.00671140939597316,0.0
20250930,601727,9.81,10.46,10.77,10.14,10.01,0.06625891946992868,0.09785932721712529,0.033639143730886854,0.02038735983690105
20250930,603077,2.1,2.25,2.24,2.25,2.27,0.07142857142857138,0.06666666666666672,0.07142857142857138,0.08095238095238091
20251009,600010,2.56,2.79,2.91,2.77,2.73,0.08984374999999999,0.13671875000000003,0.08203124999999999,0.06640624999999997
20251009,600157,1.69,1.74,1.7,1.69,1.66,0.029585798816568074,0.0059171597633136145,0.0,-0.017751479289940846
20251009,601618,4.01,4.0,3.94,3.94,3.82,-0.0024937655860348597,-0.01745635910224435,-0.01745635910224435,-0.04738154613466333
20251009,600170,3.05,2.96,2.96,2.98,2.91,-0.02950819672131143,-0.02950819672131143,-0.022950819672131098,-0.045901639344262196
20251009,603077,2.32,2.24,2.25,2.27,2.19,-0.034482758620689495,-0.03017241379310338,-0.02155172413793096,-0.05603448275862065
20251010,600157,1.67,1.7,1.69,1.66,1.63,0.017964071856287442,0.011976047904191628,-0.005988023952095814,-0.023952095808383256
20251010,600010,2.79,2.91,2.77,2.73,2.71,0.04301075268817208,-0.007168458781362013,-0.02150537634408604,-0.028673835125448053
20251010,601727,9.9,10.14,10.01,9.64,9.13,0.024242424242424263,0.011111111111111053,-0.02626262626262624,-0.07777777777777774
20251010,600016,3.93,4.02,4.03,4.06,4.01,0.022900763358778477,0.025445292620865163,0.03307888040712454,0.020356234096692016
20251010,601818,3.33,3.42,3.44,3.47,3.43,0.027027027027026983,0.033033033033032996,0.04204204204204208,0.030030030030030058
20251013,600010,2.93,2.77,2.73,2.71,2.66,-0.05460750853242325,-0.06825938566552907,-0.07508532423208197,-0.09215017064846416
20251013,600157,1.75,1.69,1.66,1.63,1.67,-0.034285714285714315,-0.051428571428571476,-0.06857142857142863,-0.045714285714285756
20251013,601727,11.01,10.01,9.64,9.13,9.16,-0.09082652134423251,-0.12443233424159848,-0.17075386012715704,-0.16802906448683014
20251013,601288,6.88,7.27,7.49,7.62,7.75,0.05668604651162786,0.08866279069767447,0.10755813953488376,0.12645348837209305
20251013,600635,7.24,6.81,6.55,6.24,6.86,-0.05939226519337025,-0.09530386740331497,-0.13812154696132597,-0.05248618784530385
20251014,600010,2.92,2.73,2.71,2.66,2.67,-0.06506849315068491,-0.07191780821917808,-0.08904109589041088,-0.08561643835616438
20251014,600157,1.7,1.66,1.63,1.67,1.7,-0.023529411764705903,-0.041176470588235335,-0.01764705882352943,0.0
20251014,601727,10.07,9.64,9.13,9.16,9.26,-0.042701092353525295,-0.09334657398212508,-0.09036742800397221,-0.08043694141012914
20251014,601398,7.47,7.63,7.62,7.61,7.64,0.02141900937081662,0.02008032128514061,0.0187416331994646,0.02275769745649263
20251014,601600,8.74,8.72,8.47,8.37,8.62,-0.002288329519450752,-0.03089244851258576,-0.04233409610983993,-0.01372997711670492
20251015,600010,2.72,2.71,2.66,2.67,2.63,-0.0036764705882353786,-0.022058823529411783,-0.01838235294117657,-0.03308823529411776
20251015,600157,1.68,1.63,1.67,1.7,1.67,-0.029761904761904788,-0.005952380952380958,0.011904761904761916,-0.005952380952380958
20251015,601727,10.06,9.13,9.16,9.26,9.27,-0.09244532803180912,-0.08946322067594437,-0.0795228628230617,-0.07852882703777345
20251015,601288,7.25,7.62,7.75,7.88,8.09,0.05103448275862071,0.06896551724137931,0.08689655172413792,0.11586206896551722
20251015,600221,1.67,1.68,1.74,1.74,1.72,0.005988023952095814,0.0419161676646707,0.0419161676646707,0.02994011976047907
20251016,600010,2.73,2.66,2.67,2.63,2.64,-0.02564102564102558,-0.021978021978021997,-0.03663003663003666,-0.03296703296703291
20251016,600157,1.66,1.67,1.7,1.67,1.69,0.006024096385542174,0.024096385542168697,0.006024096385542174,0.018072289156626523
20251016,600221,1.69,1.74,1.74,1.72,1.7,0.029585798816568074,0.029585798816568074,0.017751479289940846,0.0059171597633136145
20251016,601288,7.49,7.75,7.88,8.09,7.99,0.03471295060080104,0.05206942590120156,0.08010680907877164,0.06675567423230974
20251016,600016,4.06,4.06,4.02,4.05,4.16,0.0,-0.009852216748768483,-0.0024630541871920658,0.024630541871921315
20251017,600010,2.7,2.67,2.63,2.64,2.63,-0.011111111111111202,-0.02592592592592603,-0.02222222222222224,-0.02592592592592603
20251017,600157,1.65,1.7,1.67,1.69,1.65,0.03030303030303033,0.012121212121212133,0.024242424242424267,0.0
20251017,600221,1.7,1.74,1.72,1.7,1.68,0.023529411764705903,0.011764705882352951,0.0,-0.011764705882352951
20251017,601288,7.54,7.88,8.09,7.99,7.99,0.045092838196286456,0.07294429708222809,0.05968169761273212,0.05968169761273212
20251017,601011,3.96,4.1,3.84,3.99,3.73,0.035353535353535276,-0.03030303030303033,0.007575757575757638,-0.05808080808080808
20251020,600010,2.64,2.63,2.64,2.63,2.67,-0.003787878787878875,0.0,-0.003787878787878875,0.01136363636363629
20251020,600157,1.69,1.67,1.69,1.65,1.63,-0.011834319526627229,0.0,-0.023668639053254458,-0.03550295857988169
20251020,600221,1.74,1.72,1.7,1.68,1.68,-0.011494252873563229,-0.022988505747126457,-0.03448275862068969,-0.03448275862068969
20251020,601288,7.75,8.09,7.99,7.99,8.18,0.04387096774193547,0.0309677419354839,0.0309677419354839,0.0554838709677419
20251020,601011,4.25,3.84,3.99,3.73,3.75,-0.09647058823529416,-0.06117647058823524,-0.1223529411764706,-0.11764705882352941
20251021,600157,1.69,1.69,1.65,1.63,1.63,0.0,-0.023668639053254458,-0.03550295857988169,-0.03550295857988169
20251021,600010,2.63,2.64,2.63,2.67,2.59,0.003802281368821381,0.0,0.015209125475285185,-0.015209125475285185
20251021,600221,1.74,1.7,1.68,1.68,1.69,-0.022988505747126457,-0.03448275862068969,-0.03448275862068969,-0.028735632183908073
20251021,600016,4.02,4.16,4.12,4.09,4.03,0.034825870646766316,0.0248756218905474,0.017412935323383158,0.0024875621890548946
20251021,601288,7.87,7.99,7.99,8.18,8.31,0.015247776365946646,0.015247776365946646,0.039390088945362084,0.05590851334180437
20251022,600010,2.63,2.63,2.67,2.59,2.62,0.0,0.015209125475285185,-0.015209125475285185,-0.003802281368821212
20251022,600157,1.66,1.65,1.63,1.63,1.65,-0.006024096385542174,-0.018072289156626523,-0.018072289156626523,-0.006024096385542174
20251022,600016,4.05,4.12,4.09,4.03,3.97,0.017283950617284022,0.009876543209876552,-0.0049382716049381666,-0.019753086419752996
20251022,600871,2.72,2.43,2.32,2.3,2.31,-0.10661764705882354,-0.14705882352941188,-0.15441176470588247,-0.1507352941176471
20251022,600221,1.71,1.68,1.68,1.69,1.75,-0.017543859649122823,-0.017543859649122823,-0.01169590643274855,0.0233918128654971
20251023,600157,1.68,1.63,1.63,1.65,1.63,-0.029761904761904788,-0.029761904761904788,-0.017857142857142873,-0.029761904761904788
20251023,600871,2.5,2.32,2.3,2.31,2.25,-0.07200000000000006,-0.08000000000000007,-0.07599999999999998,-0.1
20251023,600016,4.15,4.09,4.03,3.97,3.95,-0.014457831325301323,-0.02891566265060243,-0.04337349397590365,-0.04819277108433739
20251023,600010,2.64,2.67,2.59,2.62,2.62,0.01136363636363629,-0.01893939393939404,-0.007575757575757582,-0.007575757575757582
20251023,601288,7.85,8.18,8.31,8.15,8.06,0.042038216560509566,0.05859872611464979,0.038216560509554236,0.026751592356688007
20251024,600157,1.66,1.63,1.65,1.63,1.61,-0.018072289156626523,-0.006024096385542174,-0.018072289156626523,-0.03012048192771074
20251024,600010,2.64,2.59,2.62,2.62,2.54,-0.01893939393939404,-0.007575757575757582,-0.007575757575757582,-0.03787878787878791
20251024,600016,4.11,4.03,3.97,3.95,3.91,-0.019464720194647216,-0.03406326034063263,-0.03892944038929443,-0.04866180048661804
20251024,600871,2.37,2.3,2.31,2.25,2.24,-0.02953586497890307,-0.025316455696202552,-0.050632911392405104,-0.05485232067510544
20251024,601288,7.92,8.31,8.15,8.06,7.96,0.04924242424242432,0.029040404040404096,0.01767676767676775,0.005050505050505055
20251027,600010,2.67,2.62,2.62,2.54,2.66,-0.01872659176029956,-0.01872659176029956,-0.048689138576778986,-0.0037453183520598453
20251027,600157,1.63,1.65,1.63,1.61,1.62,0.012269938650306761,0.0,-0.012269938650306624,-0.006134969325153244
20251027,600601,11.82,13.52,12.91,12.33,12.18,0.143824027072758,0.09221658206429778,0.043147208121827395,0.030456852791878125
20251027,600016,4.09,3.97,3.95,3.91,3.97,-0.029339853300733416,-0.03422982885085567,-0.04400977995110018,-0.029339853300733416
20251027,601288,8.18,8.15,8.06,7.96,8.01,-0.003667481662591609,-0.014669926650366653,-0.026894865525672343,-0.02078239608801955
20251028,600010,2.58,2.62,2.54,2.66,2.8,0.015503875968992262,-0.015503875968992262,0.031007751937984523,0.08527131782945727
20251028,600016,4.02,3.95,3.91,3.97,4.05,-0.017412935323382936,-0.02736318407960185,-0.012437810945273478,0.007462686567164241
20251028,600601,13.4,12.91,12.33,12.18,11.9,-0.036567164179104494,-0.07985074626865674,-0.09104477611940304,-0.11194029850746269
20251028,600157,1.63,1.63,1.61,1.62,1.62,0.0,-0.012269938650306624,-0.006134969325153244,-0.006134969325153244
20251028,601600,9.38,10.31,9.99,10.17,9.85,0.0991471215351812,0.06503198294243064,0.08422174840085278,0.05010660980810222
20251029,600221,1.74,1.77,1.83,1.81,1.87,0.017241379310344845,0.05172413793103453,0.0402298850574713,0.07471264367816098
20251029,600010,2.6,2.54,2.66,2.8,2.72,-0.023076923076923096,0.023076923076923096,0.07692307692307682,0.04615384615384619
20251029,600157,1.64,1.61,1.62,1.62,1.66,-0.01829268292682915,-0.012195121951219388,-0.012195121951219388,0.012195121951219523
20251029,600219,4.65,4.61,4.71,4.62,4.62,-0.008602150537634416,0.012903225806451528,-0.006451612903225859,-0.006451612903225859
20251029,000620,3.1,2.48,2.73,3.0,3.3,-0.20000000000000004,-0.11935483870967745,-0.03225806451612906,0.06451612903225798
20251030,600010,2.6,2.66,2.8,2.72,2.72,0.023076923076923096,0.07692307692307682,0.04615384615384619,0.04615384615384619
20251030,600219,4.74,4.71,4.62,4.62,5.08,-0.006329113924050685,-0.025316455696202552,-0.025316455696202552,0.07172995780590714
20251030,600157,1.62,1.62,1.62,1.66,1.65,0.0,0.0,0.024691358024691242,0.018518518518518396
20251030,601600,10.25,10.17,9.85,9.87,10.86,-0.007804878048780495,-0.039024390243902474,-0.03707317073170739,0.05951219512195116
20251030,600120,7.12,7.36,7.23,7.11,7.01,0.03370786516853935,0.015449438202247236,-0.001404494382022442,-0.015449438202247236
20251031,600010,2.75,2.8,2.72,2.72,2.7,0.01818181818181812,-0.010909090909090839,-0.010909090909090839,-0.01818181818181812
20251031,600221,1.78,1.81,1.87,1.8,1.83,0.016853932584269676,0.050561797752809036,0.011235955056179785,0.02808988764044946
20251031,601668,5.45,5.44,5.42,5.42,5.41,-0.0018348623853210618,-0.005504587155963348,-0.005504587155963348,-0.00733944954128441
20251031,601818,3.34,3.46,3.45,3.44,3.45,0.035928143712574884,0.032934131736527046,0.02994011976047907,0.032934131736527046
20251031,600635,7.47,7.0,6.73,6.75,6.6,-0.06291834002677373,-0.09906291834002669,-0.09638554216867466,-0.11646586345381528
20251103,600010,2.67,2.72,2.72,2.7,2.67,0.018726591760299727,0.018726591760299727,0.011235955056179869,0.0
20251103,600221,1.83,1.87,1.8,1.83,1.84,0.021857923497267777,-0.016393442622950834,0.0,0.005464480874316944
20251103,600170,2.95,3.03,2.97,2.92,2.93,0.02711864406779648,0.006779661016949158,-0.010169491525423813,-0.006779661016949158
20251103,601360,12.75,12.72,12.92,12.38,12.93,-0.002352941176470538,0.013333333333333327,-0.029019607843137195,0.014117647058823507
20251103,601727,9.51,9.41,9.78,9.51,9.41,-0.010515247108307008,0.028391167192428977,0.0,-0.010515247108307008
20251104,600010,2.73,2.72,2.7,2.67,2.64,-0.003663003663003585,-0.010989010989010917,-0.021978021978021997,-0.03296703296703291
20251104,601929,4.48,4.44,4.23,4.47,4.39,-0.008928571428571435,-0.055803571428571425,-0.0022321428571430075,-0.02008928571428588
20251104,600221,1.8,1.8,1.83,1.84,1.83,0.0,0.01666666666666668,0.02222222222222224,0.01666666666666668
20251104,600759,2.6,2.67,2.74,2.7,2.72,0.026923076923076862,0.05384615384615389,0.03846153846153849,0.04615384615384619
20251104,600016,4.06,4.03,4.03,4.04,4.04,-0.007389162561576198,-0.007389162561576198,-0.0049261083743841316,-0.0049261083743841316
20251105,600010,2.72,2.7,2.67,2.64,2.6,-0.007352941176470594,-0.01838235294117657,-0.029411764705882377,-0.04411764705882357
20251105,600221,1.86,1.83,1.84,1.83,1.85,-0.01612903225806453,-0.01075268817204302,-0.01612903225806453,-0.00537634408602151
20251105,601929,4.89,4.23,4.47,4.39,4.15,-0.1349693251533741,-0.08588957055214723,-0.10224948875255624,-0.15132924335378312
20251105,600157,1.66,1.64,1.65,1.64,1.62,-0.012048192771084348,-0.006024096385542174,-0.012048192771084348,-0.024096385542168565
20251105,600170,3.0,2.92,2.93,2.95,2.97,-0.02666666666666669,-0.02333333333333328,-0.016666666666666607,-0.009999999999999934
20251106,600010,2.71,2.67,2.64,2.6,2.64,-0.014760147601476028,-0.025830258302582967,-0.040590405904059,-0.025830258302582967
20251106,600221,1.86,1.84,1.83,1.85,1.87,-0.01075268817204302,-0.01612903225806453,-0.00537634408602151,0.00537634408602151
20251106,601929,4.3,4.47,4.39,4.15,4.17,0.03953488372093022,0.020930232558139503,-0.03488372093023243,-0.03023255813953486
20251106,600089,25.5,26.35,25.27,24.41,24.94,0.03333333333333339,-0.009019607843137272,-0.04274509803921568,-0.02196078431372544
20251106,601600,10.7,11.1,10.98,11.71,12.17,0.0373831775700935,0.02616822429906553,0.09439252336448613,0.13738317757009352
20251107,600221,1.82,1.83,1.85,1.87,1.9,0.005494505494505499,0.016483516483516498,0.027472527472527496,0.04395604395604387
20251107,600010,2.7,2.64,2.6,2.64,2.65,-0.02222222222222224,-0.03703703703703707,-0.02222222222222224,-0.018518518518518615
20251107,600219,5.2,5.16,5.33,5.35,5.19,-0.007692307692307699,0.024999999999999977,0.028846153846153744,-0.001923076923076882
20251107,600089,26.77,25.27,24.41,24.94,23.66,-0.056032872618602916,-0.08815838625326856,-0.06836010459469549,-0.11617482256257002
20251107,601179,10.2,10.53,9.78,9.8,9.32,0.0323529411764706,-0.04117647058823529,-0.039215686274509665,-0.08627450980392147
20251110,600010,2.66,2.6,2.64,2.65,2.63,-0.02255639097744363,-0.0075187969924812095,-0.003759398496240688,-0.011278195488721898
20251110,600221,1.84,1.85,1.87,1.9,1.87,0.005434782608695656,0.01630434782608697,0.03260869565217382,0.01630434782608697
20251110,601929,4.37,4.15,4.17,4.06,4.14,-0.05034324942791756,-0.04576659038901606,-0.07093821510297495,-0.052631578947368515
20251110,601179,10.5,9.78,9.8,9.32,9.22,-0.06857142857142863,-0.0666666666666666,-0.11238095238095236,-0.12190476190476185
20251110,600089,26.35,24.41,24.94,23.66,23.2,-0.07362428842504748,-0.05351043643263757,-0.10208728652751427,-0.11954459203036061
20251111,600010,2.63,2.64,2.65,2.63,2.55,0.003802281368821381,0.0076045627376425924,0.0,-0.03041825095057037
20251111,600221,1.82,1.87,1.9,1.87,1.81,0.027472527472527496,0.04395604395604387,0.027472527472527496,-0.005494505494505499
20251111,600103,4.14,4.24,4.19,4.29,3.96,0.024154589371980808,0.012077294685990511,0.036231884057971106,-0.043478260869565154
20251111,600089,25.11,24.94,23.66,23.2,22.79,-0.006770211071286267,-0.0577459179609717,-0.07606531262445242,-0.09239346873755477
20251111,601179,10.3,9.8,9.32,9.22,9.0,-0.04854368932038835,-0.0951456310679612,-0.10485436893203884,-0.12621359223300976
20251112,600221,1.85,1.9,1.87,1.81,1.76,0.02702702702702693,0.01081081081081082,-0.02162162162162164,-0.04864864864864869
20251112,600219,5.36,5.19,5.12,4.93,4.97,-0.03171641791044775,-0.044776119402985114,-0.08022388059701503,-0.07276119402985085
20251112,600010,2.6,2.65,2.63,2.55,2.56,0.019230769230769162,0.011538461538461463,-0.019230769230769332,-0.015384615384615398
20251112,601600,11.7,11.66,11.16,10.75,10.98,-0.003418803418803346,-0.04615384615384609,-0.08119658119658114,-0.061538461538461445
20251112,600157,1.62,1.79,1.79,1.71,1.66,0.10493827160493822,0.10493827160493822,0.05555555555555546,0.024691358024691242
20251113,600010,2.62,2.63,2.55,2.56,2.53,0.0038167938931296893,-0.026717557251908504,-0.022900763358778647,-0.03435114503816805
20251113,600221,1.88,1.87,1.81,1.76,1.77,-0.0053191489361701,-0.037234042553191404,-0.06382978723404249,-0.05851063829787228
20251113,603077,2.38,2.44,2.35,2.33,2.31,0.02521008403361347,-0.012605042016806641,-0.021008403361344463,-0.029411764705882287
20251113,601600,11.85,11.16,10.75,10.98,11.04,-0.05822784810126578,-0.09282700421940926,-0.07341772151898728,-0.06835443037974688
20251113,600871,2.61,2.58,2.47,2.5,2.45,-0.011494252873563144,-0.053639846743294896,-0.042145593869731754,-0.06130268199233705
20251114,600157,1.78,1.71,1.66,1.64,1.57,-0.03932584269662925,-0.0674157303370787,-0.0786516853932585,-0.11797752808988762
20251114,600221,1.9,1.81,1.76,1.77,1.69,-0.047368421052631504,-0.07368421052631574,-0.0684210526315789,-0.11052631578947367
20251114,600010,2.65,2.55,2.56,2.53,2.41,-0.03773584905660381,-0.03396226415094335,-0.04528301886792457,-0.09056603773584897
20251114,600759,2.87,2.89,2.75,2.77,2.58,0.0069686411149825845,-0.04181184668989551,-0.034843205574912925,-0.10104529616724739
20251114,000564,2.82,2.73,2.63,2.59,2.52,-0.031914893617021226,-0.06737588652482268,-0.08156028368794326,-0.1063829787234042
20251117,600157,1.79,1.66,1.64,1.57,1.56,-0.07262569832402241,-0.08379888268156432,-0.12290502793296088,-0.12849162011173182
20251117,600221,1.86,1.76,1.77,1.69,1.67,-0.053763440860215096,-0.04838709677419359,-0.09139784946236566,-0.10215053763440869
20251117,600010,2.62,2.56,2.53,2.41,2.44,-0.022900763358778647,-0.03435114503816805,-0.08015267175572517,-0.06870229007633594
20251117,600759,2.95,2.75,2.77,2.58,2.61,-0.06779661016949158,-0.061016949152542424,-0.12542372881355934,-0.11525423728813569
20251117,600016,4.1,4.09,4.2,4.11,4.06,-0.002439024390243851,0.024390243902439157,0.0024390243902440672,-0.009756097560975618
20251118,600157,1.71,1.64,1.57,1.56,1.57,-0.04093567251461992,-0.0818713450292397,-0.08771929824561399,-0.0818713450292397
20251118,600340,3.11,3.13,2.82,2.54,2.5,0.006430868167202578,-0.09324758842443731,-0.18327974276527326,-0.1961414790996784
20251118,600010,2.55,2.53,2.41,2.44,2.45,-0.007843137254901968,-0.05490196078431361,-0.043137254901960735,-0.039215686274509665
20251118,600221,1.8,1.77,1.69,1.67,1.69,-0.01666666666666668,-0.061111111111111165,-0.07222222222222228,-0.061111111111111165
20251118,601360,13.9,13.01,12.61,13.87,14.03,-0.0640287769784173,-0.09280575539568352,-0.002158273381295046,0.009352517985611439
20251119,600340,3.4,2.82,2.54,2.5,2.39,-0.17058823529411768,-0.2529411764705882,-0.2647058823529412,-0.2970588235294117
20251119,600157,1.66,1.57,1.56,1.57,1.58,-0.054216867469879436,-0.06024096385542161,-0.054216867469879436,-0.04819277108433726
20251119,600221,1.76,1.69,1.67,1.69,1.71,-0.03977272727272731,-0.05113636363636368,-0.03977272727272731,-0.028409090909090936
20251119,600010,2.55,2.41,2.44,2.45,2.42,-0.05490196078431361,-0.043137254901960735,-0.039215686274509665,-0.05098039215686271
20251119,601988,5.99,6.29,6.17,6.26,6.15,0.05008347245409012,0.030050083472454043,0.04507512520868106,0.026711185308848102
20251120,600340,2.83,2.54,2.5,2.39,2.44,-0.10247349823321555,-0.11660777385159013,-0.1554770318021201,-0.13780918727915198
20251120,600016,4.19,4.06,4.13,4.1,4.13,-0.03102625298329374,-0.014319809069212527,-0.02147971360381879,-0.014319809069212527
20251120,600157,1.62,1.56,1.57,1.58,1.58,-0.03703703703703707,-0.030864197530864224,-0.024691358024691377,-0.024691358024691377
20251120,601988,6.23,6.17,6.26,6.15,6.17,-0.009630818619582744,0.00481540930979123,-0.012841091492776896,-0.009630818619582744
20251120,600221,1.75,1.67,1.69,1.71,1.69,-0.045714285714285756,-0.034285714285714315,-0.022857142857142878,-0.034285714285714315
20251121,600157,1.57,1.57,1.58,1.58,1.61,0.0,0.006369426751592362,0.006369426751592362,0.02547770700636945
20251121,600010,2.42,2.45,2.42,2.42,2.43,0.012396694214876136,0.0,0.0,0.004132231404958773
20251121,601988,6.29,6.26,6.15,6.17,6.07,-0.004769475357710691,-0.022257551669316325,-0.019077901430842623,-0.03497615262321141
20251121,600221,1.7,1.69,1.71,1.69,1.73,-0.005882352941176476,0.005882352941176476,-0.005882352941176476,0.01764705882352943
20251121,600016,4.12,4.13,4.1,4.13,4.09,0.0024271844660193657,-0.004854368932038947,0.0024271844660193657,-0.0072815533980583125
20251124,600157,1.57,1.58,1.58,1.61,,0.006369426751592362,0.006369426751592362,0.02547770700636945,
20251124,601988,6.15,6.15,6.17,6.07,,0.0,0.003252032520325134,-0.013008130081300823,
20251124,600010,2.44,2.42,2.42,2.43,,-0.008196721311475417,-0.008196721311475417,-0.0040983606557376175,
20251124,600221,1.68,1.71,1.69,1.73,,0.017857142857142873,0.005952380952380958,0.029761904761904788,
20251124,601929,3.9,3.97,3.79,3.85,,0.017948717948718024,-0.028205128205128174,-0.012820512820512775,
20251125,600340,2.43,2.44,2.4,,,0.0041152263374484715,-0.01234567901234578,,
20251125,600157,1.56,1.58,1.61,,,0.012820512820512832,0.032051282051282076,,
20251125,601360,14.03,13.39,13.62,,,-0.04561653599429785,-0.029223093371347125,,
20251125,601988,6.26,6.17,6.07,,,-0.0143769968051118,-0.030351437699680434,,
20251125,600016,4.13,4.13,4.09,,,0.0,-0.009685230024213084,,
20251126,600340,2.34,2.4,,,,0.025641025641025664,,,
20251126,600221,1.72,1.73,,,,0.005813953488372098,,,
20251126,600157,1.57,1.61,,,,0.02547770700636945,,,
20251126,600635,7.68,8.23,,,,0.07161458333333343,,,
20251126,601988,6.13,6.07,,,,-0.009787928221859643,,,
20251127,600157,1.58,,,,,,,,
20251127,600340,2.38,,,,,,,,
20251127,600103,3.89,,,,,,,,
20251127,600868,3.16,,,,,,,,
20251127,600635,8.17,,,,,,,,
