trade_date,has_f3_candidates,has_f2_only_candidates,has_f2_only_pass_gate,selected_flag,selected_tier,selected_reason,selected_stock_code,selected_stock_name,selected_ts_code,selected_path_source,selected_priority_tag,selected_rank_global_after_merge,selected_score_total,ret_t1_close,ret_t2_close,ret_t3_close,label_A_high,label_A_mid,label_A_low,label_C,label_G
20250929,0,0,0,0,none,f2_fallback_not_pass_gate,,,,,,,,,,,,,,,
20250930,0,0,0,0,none,f2_fallback_not_pass_gate,,,,,,,,,,,,,,,
20251009,0,0,0,0,none,f2_fallback_not_pass_gate,,,,,,,,,,,,,,,
20251010,0,0,0,0,none,f2_fallback_not_pass_gate,,,,,,,,,,,,,,,
20251013,0,0,0,0,none,f2_fallback_not_pass_gate,,,,,,,,,,,,,,,
20251014,0,0,0,0,none,f2_fallback_not_pass_gate,,,,,,,,,,,,,,,
20251015,0,0,0,0,none,f2_fallback_not_pass_gate,,,,,,,,,,,,,,,
20251016,0,0,0,0,none,f2_fallback_not_pass_gate,,,,,,,,,,,,,,,
20251017,0,0,0,0,none,f2_fallback_not_pass_gate,,,,,,,,,,,,,,,
20251020,0,0,0,0,none,f2_fallback_not_pass_gate,,,,,,,,,,,,,,,
20251021,0,0,0,0,none,f2_fallback_not_pass_gate,,,,,,,,,,,,,,,
20251022,0,0,0,0,none,f2_fallback_not_pass_gate,,,,,,,,,,,,,,,
20251023,0,0,0,0,none,f2_fallback_not_pass_gate,,,,,,,,,,,,,,,
20251024,0,0,0,0,none,f2_fallback_not_pass_gate,,,,,,,,,,,,,,,
20251027,0,0,0,0,none,f2_fallback_not_pass_gate,,,,,,,,,,,,,,,
20251028,0,0,0,0,none,f2_fallback_not_pass_gate,,,,,,,,,,,,,,,
20251029,0,0,0,0,none,f2_fallback_not_pass_gate,,,,,,,,,,,,,,,
20251030,0,0,0,0,none,f2_fallback_not_pass_gate,,,,,,,,,,,,,,,
20251031,0,0,0,0,none,f2_fallback_not_pass_gate,,,,,,,,,,,,,,,
20251103,0,0,0,0,none,f2_fallback_not_pass_gate,,,,,,,,,,,,,,,
20251104,0,0,0,0,none,f2_fallback_not_pass_gate,,,,,,,,,,,,,,,
20251105,0,0,0,0,none,f2_fallback_not_pass_gate,,,,,,,,,,,,,,,
20251106,0,0,0,0,none,f2_fallback_not_pass_gate,,,,,,,,,,,,,,,
20251107,0,0,0,0,none,f2_fallback_not_pass_gate,,,,,,,,,,,,,,,
20251110,0,0,0,0,none,f2_fallback_not_pass_gate,,,,,,,,,,,,,,,
20251111,0,0,0,0,none,f2_fallback_not_pass_gate,,,,,,,,,,,,,,,
20251112,0,0,0,0,none,f2_fallback_not_pass_gate,,,,,,,,,,,,,,,
20251113,0,0,0,0,none,f2_fallback_not_pass_gate,,,,,,,,,,,,,,,
20251114,0,0,0,0,none,f2_fallback_not_pass_gate,,,,,,,,,,,,,,,
20251117,0,0,0,0,none,f2_fallback_not_pass_gate,,,,,,,,,,,,,,,
20251118,1,0,0,1,F3,f3_priority_pick,601360.SH,三六零,601360.SH,A,1.0,1.0,0.8365632515632517,-0.0194244604316546,-0.0640287769784173,-0.0928057553956834,0.0,0.0,0.0,1.0,0.0
20251119,0,0,0,0,none,recent_3day_has_trade_no_fallback,,,,,,,,,,,,,,,
20251120,1,0,0,1,F3,f3_priority_pick,600734.SH,实达集团,600734.SH,A,1.0,1.0,0.8375060125060126,0.0221238938053098,0.1238938053097347,0.2367256637168142,1.0,0.0,0.0,0.0,0.0
20251121,0,0,0,0,none,recent_3day_has_trade_no_fallback,,,,,,,,,,,,,,,
20251124,0,1,1,0,none,recent_3day_has_trade_no_fallback,,,,,,,,,,,,,,,
20251125,0,0,0,0,none,recent_3day_has_trade_no_fallback,,,,,,,,,,,,,,,
20251126,1,0,0,1,F3,f3_priority_pick,603778.SH,国晟科技,603778.SH,A,1.0,1.0,0.8468278018278019,0.0343473994111873,0.1373895976447499,0.251226692836114,1.0,0.0,0.0,0.0,0.0
20251127,0,0,0,0,none,recent_3day_has_trade_no_fallback,,,,,,,,,,,,,,,
20251128,0,0,0,0,none,recent_3day_has_trade_no_fallback,,,,,,,,,,,,,,,
20251201,0,0,0,0,none,recent_3day_has_trade_no_fallback,,,,,,,,,,,,,,,
20251202,0,0,0,0,none,f2_fallback_not_pass_gate,,,,,,,,,,,,,,,
20251203,0,0,0,0,none,f2_fallback_not_pass_gate,,,,,,,,,,,,,,,
20251204,0,0,0,0,none,f2_fallback_not_pass_gate,,,,,,,,,,,,,,,
20251205,0,0,0,0,none,f2_fallback_not_pass_gate,,,,,,,,,,,,,,,
20251208,0,0,0,0,none,f2_fallback_not_pass_gate,,,,,,,,,,,,,,,
20251209,0,0,0,0,none,f2_fallback_not_pass_gate,,,,,,,,,,,,,,,
20251210,0,0,0,0,none,f2_fallback_not_pass_gate,,,,,,,,,,,,,,,
20251211,0,0,0,0,none,f2_fallback_not_pass_gate,,,,,,,,,,,,,,,
20251212,0,0,0,0,none,f2_fallback_not_pass_gate,,,,,,,,,,,,,,,
20251215,0,0,0,0,none,f2_fallback_not_pass_gate,,,,,,,,,,,,,,,
20251216,0,0,0,0,none,f2_fallback_not_pass_gate,,,,,,,,,,,,,,,
20251217,0,1,0,0,none,f2_fallback_not_pass_gate,,,,,,,,,,,,,,,
20251218,0,0,0,0,none,f2_fallback_not_pass_gate,,,,,,,,,,,,,,,
20251219,0,0,0,0,none,f2_fallback_not_pass_gate,,,,,,,,,,,,,,,
20251222,0,1,1,1,F2_only,f2_fallback_after_3day_blank,600711.SH,盛屯矿业,600711.SH,A,1.0,1.0,0.8657540413790413,0.030942334739803,0.0218002812939521,0.0028129395218001,0.0,0.0,1.0,0.0,0.0
20251223,0,0,0,0,none,recent_3day_has_trade_no_fallback,,,,,,,,,,,,,,,
20251224,0,0,0,0,none,recent_3day_has_trade_no_fallback,,,,,,,,,,,,,,,
20251225,0,0,0,0,none,recent_3day_has_trade_no_fallback,,,,,,,,,,,,,,,
20251226,0,0,0,0,none,f2_fallback_not_pass_gate,,,,,,,,,,,,,,,
20251229,0,0,0,0,none,f2_fallback_not_pass_gate,,,,,,,,,,,,,,,
20251230,0,0,0,0,none,f2_fallback_not_pass_gate,,,,,,,,,,,,,,,
20251231,0,0,0,0,none,f2_fallback_not_pass_gate,,,,,,,,,,,,,,,
20260105,1,0,0,1,F3,f3_priority_pick,000962.SZ,东方钽业,000962.SZ,A,1.0,1.0,0.8682053157053157,0.0670475045099219,0.05832832230908,0.0643415514131089,1.0,0.0,0.0,0.0,0.0
20260106,0,0,0,0,none,recent_3day_has_trade_no_fallback,,,,,,,,,,,,,,,
20260107,0,0,0,0,none,recent_3day_has_trade_no_fallback,,,,,,,,,,,,,,,
20260108,0,0,0,0,none,recent_3day_has_trade_no_fallback,,,,,,,,,,,,,,,
20260109,0,0,0,0,none,f2_fallback_not_pass_gate,,,,,,,,,,,,,,,
20260112,0,0,0,0,none,f2_fallback_not_pass_gate,,,,,,,,,,,,,,,
20260113,0,0,0,0,none,f2_fallback_not_pass_gate,,,,,,,,,,,,,,,
20260114,0,0,0,0,none,f2_fallback_not_pass_gate,,,,,,,,,,,,,,,
20260115,0,0,0,0,none,f2_fallback_not_pass_gate,,,,,,,,,,,,,,,
20260116,0,0,0,0,none,f2_fallback_not_pass_gate,,,,,,,,,,,,,,,
20260119,0,0,0,0,none,f2_fallback_not_pass_gate,,,,,,,,,,,,,,,
20260120,0,0,0,0,none,f2_fallback_not_pass_gate,,,,,,,,,,,,,,,
20260121,0,0,0,0,none,f2_fallback_not_pass_gate,,,,,,,,,,,,,,,
20260122,0,0,0,0,none,f2_fallback_not_pass_gate,,,,,,,,,,,,,,,
20260123,0,0,0,0,none,f2_fallback_not_pass_gate,,,,,,,,,,,,,,,
20260126,0,0,0,0,none,f2_fallback_not_pass_gate,,,,,,,,,,,,,,,
20260127,0,0,0,0,none,f2_fallback_not_pass_gate,,,,,,,,,,,,,,,
20260128,0,0,0,0,none,f2_fallback_not_pass_gate,,,,,,,,,,,,,,,
20260129,0,0,0,0,none,f2_fallback_not_pass_gate,,,,,,,,,,,,,,,
20260130,0,0,0,0,none,f2_fallback_not_pass_gate,,,,,,,,,,,,,,,
20260202,0,0,0,0,none,f2_fallback_not_pass_gate,,,,,,,,,,,,,,,
20260203,0,0,0,0,none,f2_fallback_not_pass_gate,,,,,,,,,,,,,,,
20260204,0,0,0,0,none,f2_fallback_not_pass_gate,,,,,,,,,,,,,,,
20260205,0,0,0,0,none,f2_fallback_not_pass_gate,,,,,,,,,,,,,,,
20260206,0,0,0,0,none,f2_fallback_not_pass_gate,,,,,,,,,,,,,,,
20260209,0,0,0,0,none,f2_fallback_not_pass_gate,,,,,,,,,,,,,,,
20260210,0,0,0,0,none,f2_fallback_not_pass_gate,,,,,,,,,,,,,,,
20260211,0,1,1,1,F2_only,f2_fallback_after_3day_blank,002859.SZ,洁美科技,002859.SZ,A,1.0,1.0,0.8503198653198654,0.0036585365853658,-0.0017073170731707,0.0780487804878049,0.0,0.0,1.0,0.0,0.0
20260212,0,0,0,0,none,recent_3day_has_trade_no_fallback,,,,,,,,,,,,,,,
20260213,0,0,0,0,none,recent_3day_has_trade_no_fallback,,,,,,,,,,,,,,,
20260224,0,0,0,0,none,recent_3day_has_trade_no_fallback,,,,,,,,,,,,,,,
20260225,0,0,0,0,none,f2_fallback_not_pass_gate,,,,,,,,,,,,,,,
20260226,0,0,0,0,none,f2_fallback_not_pass_gate,,,,,,,,,,,,,,,
20260227,0,0,0,0,none,f2_fallback_not_pass_gate,,,,,,,,,,,,,,,
20260302,0,0,0,0,none,f2_fallback_not_pass_gate,,,,,,,,,,,,,,,
20260303,0,0,0,0,none,f2_fallback_not_pass_gate,,,,,,,,,,,,,,,
20260304,0,0,0,0,none,f2_fallback_not_pass_gate,,,,,,,,,,,,,,,
20260305,0,0,0,0,none,f2_fallback_not_pass_gate,,,,,,,,,,,,,,,
20260309,0,0,0,0,none,f2_fallback_not_pass_gate,,,,,,,,,,,,,,,
20260310,0,0,0,0,none,f2_fallback_not_pass_gate,,,,,,,,,,,,,,,
20260311,0,0,0,0,none,f2_fallback_not_pass_gate,,,,,,,,,,,,,,,
20260312,0,0,0,0,none,f2_fallback_not_pass_gate,,,,,,,,,,,,,,,
20260313,0,0,0,0,none,f2_fallback_not_pass_gate,,,,,,,,,,,,,,,
20260316,0,0,0,0,none,f2_fallback_not_pass_gate,,,,,,,,,,,,,,,
20260317,0,0,0,0,none,f2_fallback_not_pass_gate,,,,,,,,,,,,,,,
20260318,0,0,0,0,none,f2_fallback_not_pass_gate,,,,,,,,,,,,,,,
20260319,1,0,0,1,F3,f3_priority_pick,601088.SH,中国神华,601088.SH,A,1.0,1.0,0.8350986050986051,0.0193375848590824,0.0183089899197697,-0.0026743468422135,0.0,0.0,0.0,1.0,0.0
20260320,1,0,0,1,F3,f3_priority_pick,002309.SZ,中利集团,002309.SZ,A,1.0,1.0,0.890508463008463,0.0,0.1002386634844869,0.2100238663484486,1.0,0.0,0.0,0.0,0.0
20260323,1,0,0,1,F3,f3_priority_pick,601908.SH,京运通,601908.SH,A,1.0,1.0,0.8608152958152958,0.0392609699769053,0.0554272517321017,0.161662817551963,1.0,0.0,0.0,0.0,0.0
20260324,0,0,0,0,none,recent_3day_has_trade_no_fallback,,,,,,,,,,,,,,,
20260325,0,0,0,0,none,recent_3day_has_trade_no_fallback,,,,,,,,,,,,,,,
20260326,0,0,0,0,none,recent_3day_has_trade_no_fallback,,,,,,,,,,,,,,,
20260327,0,0,0,0,none,f2_fallback_not_pass_gate,,,,,,,,,,,,,,,
