ts_code,trade_date,name,industry,label_true_breakout,path_source,score_total,rank_global_after_merge,rank_bucket,buy_date,buy_open_t1,close_t1,close_t2,close_t3,ret_t1,ret_t2,ret_t3,win_t1,win_t2,win_t3
002937.SZ,20251230,兴瑞科技,元器件,G,A,0.8616026658203746,1,top1,20251231,24.28,23.6,23.77,24.0,-0.028006589785831926,-0.021004942339374,-0.011532125205930832,False,False,False
601100.SH,20251230,恒立液压,工程机械,G,B,0.7545953876974981,2,top2,20251231,113.14,109.91,113.5,110.7,-0.028548700724765785,0.003181898532791161,-0.021566201166696164,False,True,False
603216.SH,20251230,梦天家居,家居用品,C,B,0.7272434292809898,3,top3,20251231,44.42,47.0,46.5,43.32,0.058081945069788254,0.04682575416479051,-0.02476361999099508,True,True,False
000792.SZ,20251231,盐湖股份,农药化肥,A,B,0.7256292579179139,3,top3,20260105,30.26,30.98,32.37,32.19,0.023793787177792458,0.06972901520158614,0.06378056840713797,True,True,True
002134.SZ,20251231,天津普林,元器件,G,A,0.8775658521104412,1,top1,20260105,26.8,26.46,26.04,26.34,-0.012686567164179152,-0.028358208955223896,-0.01716417910447765,False,False,False
603885.SH,20251231,吉祥航空,空运,G,B,0.7256455343182191,2,top2,20260105,14.6,14.77,15.26,15.15,0.011643835616438336,0.045205479452054886,0.03767123287671237,True,True,True
000893.SZ,20260105,亚钾国际,农药化肥,G,B,0.7760110857831155,3,top3,20260106,50.11,52.05,53.18,51.27,0.038714827379764394,0.061265216523648025,0.023149072041508845,True,True,True
000935.SZ,20260105,四川双马,水泥,A,B,0.781639328304251,2,top2,20260106,25.6,25.64,27.29,27.26,0.0015624999999999112,0.06601562499999991,0.06484375000000009,True,True,True
603358.SH,20260105,华达科技,汽车配件,A,A,0.8583339050843019,1,top1,20260106,50.75,50.25,51.55,51.8,-0.009852216748768461,0.015763546798029493,0.020689655172413834,False,True,True
000166.SZ,20260106,申万宏源,证券,C,B,0.7619294162457277,3,top3,20260107,5.49,5.43,5.32,5.35,-0.010928961748634003,-0.030965391621129323,-0.02550091074681249,False,False,False
000783.SZ,20260106,长江证券,证券,C,B,0.8283568028879618,2,top2,20260107,8.85,8.75,8.46,8.64,-0.011299435028248594,-0.04406779661016935,-0.023728813559321882,False,False,False
002501.SZ,20260106,利源股份,铝,G,A,0.8634988892415107,1,top1,20260107,2.85,2.76,2.79,2.7,-0.03157894736842115,-0.021052631578947434,-0.05263157894736836,False,False,False
002339.SZ,20260107,积成电子,电气设备,G,A,0.8519002030093747,1,top1,20260108,9.7,9.61,9.65,9.81,-0.009278350515463885,-0.005154639175257603,0.011340206185567192,False,False,True
601156.SH,20260107,东航物流,仓储物流,C,B,0.7583761399511423,2,top2,20260108,18.55,18.29,18.13,18.02,-0.014016172506738589,-0.02264150943396237,-0.02857142857142858,False,False,False
605222.SH,20260107,起帆电缆,电气设备,A,B,0.7563977069050007,3,top3,20260108,19.29,19.45,19.67,19.77,0.00829445308449972,0.01969932607568703,0.02488335925349916,True,True,True
001379.SZ,20260108,腾达科技,机械基件,C,B,0.7783207451056983,3,top3,20260109,25.12,24.9,25.36,24.38,-0.008757961783439572,0.009554140127388422,-0.029458598726114782,False,True,False
600498.SH,20260108,烽火通信,通信设备,A,A,0.880850523643288,1,top1,20260109,38.5,38.93,42.82,44.32,0.011168831168831161,0.1122077922077922,0.15116883116883129,True,True,True
603901.SH,20260108,永创智能,专用机械,G,B,0.79007811866627,2,top2,20260109,14.62,14.97,15.11,15.21,0.02393980848153232,0.03351573187414503,0.04035567715458277,True,True,True
001216.SZ,20260109,华瓷股份,家居用品,A,B,0.7794402165823291,3,top3,20260112,17.9,17.95,18.43,19.89,0.0027932960893854997,0.02960893854748603,0.11117318435754209,True,True,True
600345.SH,20260109,长江通信,通信设备,C,A,0.8798746429704857,1,top1,20260112,41.68,41.98,37.78,39.35,0.007197696737044179,-0.09357005758157388,-0.05590211132437617,True,False,False
600367.SH,20260109,红星发展,化工原料,A,B,0.7887214893318761,2,top2,20260112,18.66,18.19,18.95,19.9,-0.02518756698821001,0.015541264737406246,0.06645230439442651,False,True,True
000959.SZ,20260112,首钢股份,普钢,G,B,0.7743037411711091,3,top3,20260113,5.19,5.18,5.23,5.18,-0.0019267822736032114,0.007707129094412402,-0.0019267822736032114,False,True,False
000977.SZ,20260112,浪潮信息,IT设备,C,B,0.8207370502636853,2,top2,20260113,71.12,67.66,69.55,68.13,-0.04865016872890904,-0.022075365579302675,-0.04204161979752541,False,False,False
600215.SH,20260112,派斯林,专用机械,C,A,0.8358940950970465,1,top1,20260113,8.32,7.95,7.85,7.6,-0.044471153846153855,-0.05649038461538469,-0.08653846153846156,False,False,False
000739.SZ,20260113,普洛药业,化学制药,G,B,0.7888720705208444,2,top2,20260114,17.5,17.55,18.13,17.64,0.0028571428571428914,0.03600000000000003,0.008000000000000007,True,True,True
603138.SH,20260113,海量数据,软件服务,G,A,0.8108285276027264,1,top1,20260114,16.93,17.16,16.93,16.52,0.013585351447135352,0.0,-0.02421736562315413,True,False,False
603190.SH,20260113,亚通精工,汽车配件,G,B,0.7301144851077845,3,top3,20260114,28.2,28.18,28.27,27.78,-0.0007092198581559739,0.0024822695035460196,-0.014893617021276562,False,True,False
000657.SZ,20260114,中钨高新,小金属,A,A,0.8377768962234212,1,top1,20260115,34.61,36.73,37.5,40.26,0.061253972840219495,0.08350187806992193,0.16324761629586826,True,True,True
000978.SZ,20260114,桂林旅游,旅游景点,C,B,0.7196885953352916,2,top2,20260115,7.35,7.31,7.19,7.42,-0.0054421768707483276,-0.021768707482993088,0.00952380952380949,False,False,True
000960.SZ,20260115,锡业股份,小金属,C,A,0.8690923516344019,1,top1,20260116,39.99,38.62,37.51,38.12,-0.034258564641160394,-0.0620155038759691,-0.046761690422605806,False,False,False
601113.SH,20260115,华鼎股份,化纤,G,B,0.6921748867969139,3,top3,20260116,4.77,4.76,5.01,4.82,-0.002096436058700135,0.05031446540880502,0.01048218029350112,False,True,True
601156.SH,20260115,东航物流,仓储物流,G,B,0.7293691593065003,2,top2,20260116,18.9,18.42,19.03,19.4,-0.025396825396825196,0.006878306878306928,0.02645502645502651,False,True,True
000680.SZ,20260116,山推股份,工程机械,G,B,0.7091428686921545,2,top2,20260119,12.38,12.45,12.85,12.53,0.005654281098545821,0.03796445880452337,0.012116316639741331,True,True,True
600348.SH,20260116,华阳股份,煤炭开采,A,B,0.705673346389769,3,top3,20260119,9.16,9.28,9.1,8.97,0.013100436681222627,-0.0065502183406114245,-0.020742358078602585,True,False,False
603090.SH,20260116,宏盛股份,专用机械,A,A,0.8830799746112346,1,top1,20260119,78.74,82.18,82.49,90.74,0.04368808737617491,0.04762509525019043,0.1524003048006095,True,True,True
000823.SZ,20260119,超声电子,元器件,G,B,0.7609498953443183,2,top2,20260120,14.66,14.34,14.59,15.24,-0.021828103683492528,-0.004774897680764001,0.0395634379263301,False,False,True
002182.SZ,20260119,宝武镁业,小金属,A,A,0.8688543319581087,1,top1,20260120,18.41,18.67,19.27,18.76,0.014122759369907811,0.04671374253123295,0.019011406844106515,True,True,True
605376.SH,20260119,博迁新材,小金属,A,B,0.7376127868778561,3,top3,20260120,73.71,73.99,73.99,77.74,0.003798670465337217,0.003798670465337217,0.05467372134038806,True,True,True
600577.SH,20260120,精达股份,电气设备,C,A,0.8520184068549668,1,top1,20260121,15.32,15.35,15.65,15.49,0.001958224543080922,0.021540469973890364,0.011096605744125299,True,True,True
601677.SH,20260120,明泰铝业,铝,G,B,0.7802224636942953,2,top2,20260121,17.02,16.29,16.21,16.62,-0.04289071680376033,-0.04759106933019974,-0.023501762632197387,False,False,False
605366.SH,20260120,宏柏新材,化工原料,C,B,0.7284706122640668,3,top3,20260121,7.1,6.96,6.93,7.0,-0.019718309859154903,-0.023943661971830954,-0.014084507042253502,False,False,False
000059.SZ,20260121,华锦股份,石油加工,A,B,0.7776197085036116,2,top2,20260122,5.58,5.71,6.08,6.09,0.023297491039426577,0.08960573476702516,0.09139784946236551,True,True,True
603097.SH,20260121,江苏华辰,电气设备,G,A,0.8848809901618534,1,top1,20260122,35.27,35.9,35.2,34.18,0.017862205840657674,-0.0019846895378509144,-0.030904451375106445,True,False,False
603798.SH,20260121,康普顿,石油加工,C,B,0.7707884336349606,3,top3,20260122,18.2,18.1,18.51,16.66,-0.005494505494505364,0.017032967032967194,-0.08461538461538454,False,True,False
000933.SZ,20260122,神火股份,铝,A,B,0.6986625035284237,3,top3,20260123,31.61,31.93,33.35,32.75,0.010123378677633577,0.05504587155963314,0.036064536539069936,True,True,True
600888.SH,20260122,新疆众和,铝,A,B,0.7212073087830564,2,top2,20260123,8.97,9.16,9.22,9.12,0.021181716833890585,0.027870680044593144,0.01672240802675562,True,True,True
603186.SH,20260122,华正新材,元器件,C,A,0.8882211996191686,1,top1,20260123,71.32,69.2,66.49,71.07,-0.029725182277061002,-0.06772293886707792,-0.00350532809871007,False,False,False
000155.SZ,20260123,川能动力,新型电力,C,B,0.7374225546124443,3,top3,20260126,14.08,13.73,13.55,13.67,-0.024857954545454475,-0.037642045454545414,-0.029119318181818232,False,False,False
000880.SZ,20260123,潍柴重机,专用机械,C,A,0.8901015550618852,1,top1,20260126,38.99,36.96,36.6,35.22,-0.05206463195691202,-0.06129776865863046,-0.09669145934855095,False,False,False
601388.SH,20260123,怡球资源,铝,A,B,0.7564956548866889,2,top2,20260126,3.66,3.72,3.61,3.97,0.016393442622950838,-0.013661202185792476,0.08469945355191255,True,False,True
000923.SZ,20260126,河钢资源,普钢,C,B,0.7218106304462492,2,top2,20260127,25.72,25.08,25.82,26.42,-0.02488335925349927,0.0038880248833592645,0.027216174183514852,False,True,True
600487.SH,20260126,亨通光电,通信设备,A,B,0.6499347127831022,3,top3,20260127,30.7,31.86,33.62,31.83,0.03778501628664488,0.09511400651465785,0.03680781758957652,True,True,True
600961.SH,20260126,株冶集团,铅锌,C,A,0.8493446524912727,1,top1,20260127,23.0,22.87,25.16,25.48,-0.005652173913043401,0.0939130434782609,0.10782608695652174,False,True,True
000852.SZ,20260127,石化机械,化工机械,G,B,0.7452067134527497,3,top3,20260128,8.21,8.3,8.22,8.1,0.010962241169305775,0.0012180267965895553,-0.013398294762484886,True,True,False
603124.SH,20260127,江南新材,铜,C,B,0.7691026629360848,2,top2,20260128,96.09,97.16,98.97,99.08,0.011135393901550605,0.02997190134249128,0.03111666146321146,True,True,True
605288.SH,20260127,凯迪股份,电气设备,C,A,0.8831513805141227,1,top1,20260128,131.0,134.36,120.92,129.0,0.025648854961832113,-0.07694656488549612,-0.01526717557251911,True,False,False
000426.SZ,20260128,兴业银锡,铅锌,C,A,0.8621342430974295,1,top1,20260129,71.5,68.36,61.52,55.37,-0.043916083916083926,-0.13958041958041956,-0.22559440559440558,False,False,False
000825.SZ,20260128,太钢不锈,特种钢,C,B,0.7120980363260223,3,top3,20260129,5.53,5.44,5.23,4.82,-0.016274864376130127,-0.054249547920434016,-0.12839059674502706,False,False,False
600201.SH,20260128,生物股份,农业综合,C,B,0.7452394021121711,2,top2,20260129,18.66,18.37,18.05,16.28,-0.015541264737406135,-0.03269024651661301,-0.127545551982851,False,False,False
601168.SH,20260129,西部矿业,铜,C,A,0.8296445572834023,1,top1,20260130,37.0,35.6,32.04,33.1,-0.037837837837837784,-0.13405405405405413,-0.10540540540540533,False,False,False
603162.SH,20260129,海通发展,水运,G,B,0.7771372131073727,2,top2,20260130,14.36,15.36,14.52,14.55,0.0696378830083566,0.011142061281337101,0.013231197771587766,True,True,True
603995.SH,20260129,甬金股份,特种钢,C,B,0.6925865242635986,3,top3,20260130,19.28,19.26,18.42,18.73,-0.0010373443983402453,-0.04460580912863066,-0.028526970954356856,False,False,False
001210.SZ,20260130,金房能源,供气供热,G,B,0.8020058603240939,2,top2,20260202,23.9,23.53,23.22,23.93,-0.015481171548117012,-0.028451882845188292,0.001255230125523088,False,False,True
001226.SZ,20260130,拓山重工,工程机械,G,B,0.7590046985434039,3,top3,20260202,51.8,51.53,52.97,52.16,-0.005212355212355191,0.02258687258687253,0.006949806949806847,False,True,True
603926.SH,20260130,铁流股份,汽车配件,G,A,0.887221516978737,1,top1,20260202,26.35,25.75,25.97,26.9,-0.022770398481973486,-0.014421252371916604,0.020872865275142205,False,False,True
002830.SZ,20260202,名雕股份,装修装饰,A,A,0.7538511583624247,2,top2,20260203,24.88,28.14,30.95,27.86,0.1310289389067525,0.2439710610932475,0.11977491961414799,True,True,True
600316.SH,20260202,洪都航空,航空,A,B,0.7092918967387614,3,top3,20260203,42.39,42.64,44.96,45.9,0.005897617362585539,0.060627506487379135,0.08280254777070062,True,True,True
603291.SH,20260202,联合水务,水务,C,B,0.8469136915575055,1,top1,20260203,12.78,12.71,11.44,11.44,-0.00547730829420956,-0.10485133020344284,-0.10485133020344284,False,False,False
002487.SZ,20260203,大金重工,电气设备,C,A,0.8507179945394004,1,top1,20260204,63.13,63.42,62.53,61.2,0.00459369554886746,-0.009504197687311922,-0.03057183589418655,True,False,False
601872.SH,20260203,招商轮船,水运,A,B,0.760028132955978,3,top3,20260204,11.7,12.0,11.65,11.36,0.025641025641025772,-0.004273504273504147,-0.029059829059829068,True,False,False
603031.SH,20260203,安孚科技,电气设备,G,B,0.823548210631194,2,top2,20260204,56.95,59.9,54.88,54.0,0.05179982440737474,-0.03634767339771727,-0.05179982440737496,True,False,False
600683.SH,20260204,京投发展,区域地产,A,A,0.8932354807997461,1,top1,20260205,6.0,6.6,6.05,6.66,0.09999999999999987,0.008333333333333304,0.1100000000000001,True,True,True
600778.SH,20260204,友好集团,百货,G,B,0.7215487638785562,3,top3,20260205,7.94,8.38,7.76,7.76,0.055415617128463435,-0.02267002518891692,-0.02267002518891692,True,False,False
601096.SH,20260204,宏盛华源,钢加工,C,B,0.79086386355105,2,top2,20260205,6.28,5.89,5.83,5.94,-0.06210191082802552,-0.07165605095541405,-0.05414012738853502,False,False,False
600754.SH,20260205,锦江酒店,酒店餐饮,C,B,0.6736886049812202,3,top3,20260206,28.45,27.81,27.87,28.17,-0.022495606326889295,-0.020386643233743396,-0.009841827768014011,False,False,False
600841.SH,20260205,动力新科,汽车配件,G,A,0.8427515074579499,1,top1,20260206,9.51,9.55,10.51,10.99,0.004206098843323014,0.10515247108307046,0.1556256572029444,True,True,True
603345.SH,20260205,安井食品,食品,G,B,0.6892691950119327,2,top2,20260206,90.16,91.73,93.57,90.01,0.017413487133984162,0.037821650399290085,-0.0016637089618455336,True,True,False
002842.SZ,20260206,翔鹭钨业,小金属,A,A,0.864760393525865,1,top1,20260209,29.42,30.2,31.83,35.01,0.026512576478585848,0.08191706322229764,0.19000679809653276,True,True,True
600028.SH,20260206,中国石化,石油加工,G,B,0.6281649280077192,3,top3,20260209,6.5,6.5,6.46,6.54,0.0,-0.006153846153846176,0.006153846153846176,False,False,True
605196.SH,20260206,华通线缆,电气设备,A,B,0.6570102592256255,2,top2,20260209,43.0,44.7,44.68,45.62,0.03953488372093039,0.039069767441860526,0.06093023255813956,True,True,True
001228.SZ,20260209,永泰运,仓储物流,G,B,0.8057713307780143,2,top2,20260210,32.74,31.95,32.23,32.47,-0.024129505192425293,-0.015577275503970811,-0.008246792913866874,False,False,False
600261.SH,20260209,阳光照明,家用电器,C,B,0.7666749540498824,3,top3,20260210,3.84,3.87,3.82,3.81,0.0078125,-0.00520833333333337,-0.0078125,True,False,False
603663.SH,20260209,三祥新材,小金属,G,A,0.8760425261821644,1,top1,20260210,46.05,45.97,46.27,45.94,-0.001737242128121541,0.004777415852334599,-0.0023887079261671884,False,True,False
002806.SZ,20260210,华锋股份,汽车配件,A,A,0.8807315138051413,1,top1,20260211,16.08,16.18,17.02,17.1,0.006218905472636926,0.05845771144278622,0.06343283582089576,True,True,True
600388.SH,20260210,龙净环保,环境保护,A,B,0.761856815258777,3,top3,20260211,18.54,18.77,19.01,18.69,0.012405609492988079,0.025350593311758596,0.008090614886731462,True,True,True
603186.SH,20260210,华正新材,元器件,A,B,0.791092311094294,2,top2,20260211,75.27,77.09,77.61,79.93,0.024179620034542326,0.031088082901554515,0.06191045569283915,True,True,True
000899.SZ,20260211,赣能股份,火力发电,A,B,0.7497048137521327,2,top2,20260212,10.85,10.94,10.5,10.97,0.008294930875575979,-0.032258064516129004,0.011059907834101379,True,False,True
002859.SZ,20260211,洁美科技,元器件,A,A,0.8364915899714378,1,top1,20260212,41.0,41.15,40.93,44.2,0.003658536585365857,-0.0017073170731707332,0.07804878048780495,True,False,True
603012.SH,20260211,创力集团,专用机械,G,B,0.682743083211205,3,top3,20260212,8.09,8.12,8.11,8.04,0.003708281829418958,0.0024721878862792313,-0.006180469715698522,True,True,False
000539.SZ,20260212,粤电力Ａ,火力发电,G,B,0.7484392802663187,2,top2,20260213,4.92,4.76,4.87,4.9,-0.0325203252032521,-0.010162601626016232,-0.004065040650406471,False,False,False
000962.SZ,20260212,东方钽业,小金属,G,A,0.8763519517613457,1,top1,20260213,48.49,47.68,46.65,51.32,-0.016704475149515452,-0.037945968240874484,0.058362548979171036,False,False,True
603045.SH,20260212,福达合金,小金属,A,B,0.7309143462432302,3,top3,20260213,27.89,29.9,29.7,29.43,0.07206884187880958,0.06489781283614193,0.05521692362854069,True,True,True
000338.SZ,20260213,潍柴动力,汽车配件,A,A,0.8428705172960966,1,top1,20260224,27.28,29.1,28.52,29.22,0.06671554252199408,0.045454545454545414,0.07111436950146621,True,True,True
600372.SH,20260213,中航机载,航空,G,B,0.7098042958386162,3,top3,20260224,16.14,16.2,16.15,16.33,0.0037174721189590088,0.0006195786864930941,0.011771995043370342,True,True,True
603163.SH,20260213,圣晖集成,建筑工程,A,B,0.7208999120232527,2,top2,20260224,129.37,134.85,130.06,143.07,0.04235912499033767,0.005333539460462333,0.10589781247584429,True,True,True
600101.SH,20260224,明星电力,水力发电,A,B,0.8116049620286374,2,top2,20260225,10.46,10.45,10.57,11.07,-0.0009560229445507717,0.010516252390057268,0.05831739961759075,False,True,True
600714.SH,20260224,金瑞矿业,化工原料,A,B,0.7750830875842646,3,top3,20260225,16.73,16.92,16.7,17.96,0.011356843992827326,-0.0017931858936043321,0.0735206216377764,True,False,True
603124.SH,20260224,江南新材,铜,A,A,0.8584199573831437,1,top1,20260225,115.65,115.78,118.08,114.9,0.001124081279723299,0.021011673151750898,-0.006485084306095956,True,True,False
600010.SH,20260225,包钢股份,普钢,A,A,0.8769140534876808,1,top1,20260226,3.0,2.98,3.24,3.32,-0.00666666666666671,0.08000000000000007,0.10666666666666669,False,True,True
600929.SH,20260225,雪天盐业,食品,G,B,0.7986575830351417,2,top2,20260226,6.44,6.58,6.56,6.56,0.021739130434782483,0.01863354037267073,0.01863354037267073,True,True,True
603601.SH,20260225,再升科技,玻璃,C,B,0.7530997802353673,3,top3,20260226,13.1,13.23,13.1,12.78,0.00992366412213741,0.0,-0.02442748091603053,True,False,False
000733.SZ,20260226,振华科技,元器件,C,B,0.7470563361791398,2,top2,20260227,57.55,57.74,57.18,52.53,0.0033014769765422614,-0.006429192006950468,-0.0872284969591659,True,False,False
002028.SZ,20260226,思源电气,电气设备,C,A,0.8634885851304449,1,top1,20260227,222.78,214.43,222.53,219.4,-0.037480922883562195,-0.0011221833198671316,-0.015171918484603641,False,False,False
603867.SH,20260226,新化股份,化工原料,G,B,0.7215649267986207,3,top3,20260227,36.83,38.05,38.66,35.81,0.03312516969861523,0.04968775454792285,-0.027694814010317592,True,True,False
000767.SZ,20260227,晋控电力,火力发电,C,A,0.8893954300222152,1,top1,20260302,3.66,3.67,3.52,3.61,0.002732240437158362,-0.03825136612021862,-0.013661202185792476,True,False,False
600725.SH,20260227,云维股份,商贸代理,C,B,0.7763902599309127,3,top3,20260302,5.29,5.34,5.09,5.02,0.009451795841209698,-0.03780718336483935,-0.051039697542533125,True,False,False
603028.SH,20260227,赛福天,钢加工,C,B,0.7927824839974886,2,top2,20260302,10.1,10.12,9.47,9.35,0.001980198019801982,-0.06237623762376232,-0.07425742574257421,True,False,False
000070.SZ,20260302,特发信息,通信设备,C,A,0.8908076801015551,1,top1,20260303,19.66,18.46,19.21,17.51,-0.061037639877924654,-0.022889114954221745,-0.10935910478128175,False,False,False
000933.SZ,20260302,神火股份,铝,A,B,0.7412872643271083,3,top3,20260303,33.9,33.76,35.42,36.28,-0.004129793510324498,0.04483775811209445,0.07020648967551635,False,True,True
600028.SH,20260302,中国石化,石油加工,G,B,0.7451610404151522,2,top2,20260303,7.15,7.82,7.4,7.03,0.0937062937062938,0.034965034965035,-0.016783216783216814,True,True,False
000421.SZ,20260303,南京公用,供气供热,C,B,0.7686523805018753,2,top2,20260304,7.72,7.19,6.96,7.03,-0.06865284974093255,-0.0984455958549223,-0.0893782383419689,False,False,False
600149.SH,20260303,廊坊发展,综合类,A,B,0.7573175169663366,3,top3,20260304,6.23,6.97,6.87,7.13,0.11878009630818598,0.10272873194221499,0.14446227929373978,True,True,True
601898.SH,20260303,中煤能源,煤炭开采,C,A,0.8528276737543637,1,top1,20260304,17.0,17.2,17.53,17.33,0.0117647058823529,0.03117647058823536,0.01941176470588224,True,True,True
000592.SZ,20260304,平潭发展,林业,C,B,0.7370254821129106,3,top3,20260305,12.53,12.2,12.04,11.62,-0.026336791699920203,-0.03910614525139666,-0.07262569832402233,False,False,False
001278.SZ,20260304,一彬科技,汽车配件,C,B,0.7762418686254848,2,top2,20260305,26.26,24.5,24.24,23.73,-0.06702208682406707,-0.07692307692307698,-0.09634424980959633,False,False,False
002378.SZ,20260304,章源钨业,小金属,C,A,0.8371342430974296,1,top1,20260305,45.88,41.8,44.7,44.91,-0.08892763731473419,-0.02571926765475152,-0.02114210985178744,False,False,False
000591.SZ,20260305,太阳能,新型电力,A,B,0.7675451027570462,2,top2,20260306,6.15,6.25,6.4,6.29,0.016260162601625883,0.04065040650406493,0.02276422764227637,True,True,True
002606.SZ,20260305,大连电瓷,电气设备,G,B,0.7572986395934254,3,top3,20260306,14.3,13.94,14.08,14.19,-0.025174825174825277,-0.015384615384615441,-0.007692307692307776,False,False,False
600236.SH,20260305,桂冠电力,水力发电,C,A,0.8374278006981912,1,top1,20260306,10.86,10.95,10.43,10.29,0.008287292817679592,-0.03959484346224673,-0.0524861878453039,True,False,False
003035.SZ,20260306,南网能源,新型电力,A,A,0.846766105998096,1,top1,20260309,8.72,9.58,9.65,10.09,0.09862385321100908,0.10665137614678888,0.15711009174311918,True,True,True
600873.SH,20260306,梅花生物,食品,A,B,0.7373365156583357,2,top2,20260309,11.91,11.84,11.47,12.62,-0.005877413937867337,-0.03694374475230899,0.0596137699412258,False,False,True
603097.SH,20260306,江苏华辰,电气设备,C,B,0.7349968096433797,3,top3,20260309,40.0,40.86,41.55,41.09,0.021500000000000075,0.03874999999999984,0.027249999999999996,True,True,True
000048.SZ,20260309,京基智农,农业综合,A,B,0.7005110782487264,3,top3,20260310,18.63,19.19,19.54,20.21,0.03005904455179831,0.04884594739667203,0.08480944712828786,True,True,True
001267.SZ,20260309,汇绿生态,通信设备,A,A,0.837856236115519,1,top1,20260310,43.8,45.68,49.1,46.03,0.04292237442922375,0.12100456621004585,0.0509132420091325,True,True,True
603105.SH,20260309,芯能科技,电气设备,G,B,0.7252541098622058,2,top2,20260310,10.67,10.66,10.95,10.9,-0.0009372071227741197,0.026241799437675573,0.021555763823805085,False,True,True
000927.SZ,20260310,中国铁物,仓储物流,A,B,0.7297253362078399,2,top2,20260311,2.97,3.05,3.04,3.07,0.026936026936026813,0.023569023569023573,0.03367003367003352,True,True,True
002169.SZ,20260310,智光电气,电气设备,C,B,0.7697011319755118,1,top1,20260311,16.3,15.92,15.95,15.53,-0.02331288343558291,-0.021472392638036908,-0.04723926380368104,False,False,False
000688.SZ,20260311,国城矿业,铅锌,C,B,0.6852313693792242,2,top2,20260312,35.5,36.04,36.4,36.03,0.015211267605633738,0.025352112676056304,0.014929577464788846,True,True,True
001207.SZ,20260311,联科科技,化工原料,C,A,0.870701416280042,1,top1,20260312,31.7,32.45,30.94,29.44,0.023659305993690927,-0.023974763406940047,-0.07129337539432168,True,False,False
002245.SZ,20260311,蔚蓝锂芯,电气设备,C,B,0.681843451690707,3,top3,20260312,18.32,18.14,18.03,17.89,-0.009825327510917026,-0.015829694323144072,-0.02347161572052403,False,False,False
002709.SZ,20260312,天赐材料,化工原料,C,A,0.8686305644970355,1,top1,20260313,48.37,48.77,47.85,45.58,0.00826958858796778,-0.010750465164357959,-0.05768038040107504,True,False,False
600796.SH,20260312,钱江生化,环境保护,C,B,0.7737845656057817,2,top2,20260313,7.08,7.05,6.9,6.99,-0.004237288135593209,-0.025423728813559254,-0.012711864406779627,False,False,False
600888.SH,20260312,新疆众和,铝,C,B,0.7362945156461952,3,top3,20260313,10.0,9.48,9.29,8.8,-0.051999999999999935,-0.07100000000000006,-0.11999999999999988,False,False,False
002531.SZ,20260313,天顺风能,电气设备,C,B,0.694846100966713,2,top2,20260316,12.8,12.19,11.79,11.62,-0.04765625000000007,-0.07890625000000007,-0.09218750000000009,False,False,False
600096.SH,20260313,云天化,农药化肥,C,B,0.6752421657392225,3,top3,20260316,43.58,40.69,39.17,38.72,-0.06631482331344651,-0.10119320789352904,-0.11151904543368518,False,False,False
600722.SH,20260313,金牛化工,化工原料,G,A,0.9002015233259284,1,top1,20260316,16.94,18.4,19.3,17.37,0.08618654073199505,0.13931523022432102,0.025383707201888983,True,True,True
002733.SZ,20260316,雄韬股份,电气设备,C,A,0.8705204696921613,1,top1,20260317,27.8,26.01,26.77,24.99,-0.06438848920863305,-0.03705035971223025,-0.10107913669064761,False,False,False
600395.SH,20260316,盘江股份,煤炭开采,C,B,0.6957507178233971,3,top3,20260317,6.04,5.97,6.01,5.97,-0.011589403973509937,-0.004966887417218624,-0.011589403973509937,False,False,False
603929.SH,20260316,亚翔集成,装修装饰,A,B,0.7166130580436845,2,top2,20260317,161.8,170.4,181.88,175.5,0.05315203955500625,0.12410383189122354,0.08467243510506783,True,True,True
001382.SZ,20260317,新亚电缆,电气设备,C,A,0.808409010996761,1,top1,20260318,23.46,25.12,24.4,22.4,0.07075873827791979,0.040068201193520725,-0.04518329070758753,True,True,False
002470.SZ,20260317,金正大,农药化肥,C,B,0.672949521026349,2,top2,20260318,3.55,3.59,3.36,3.02,0.011267605633802802,-0.05352112676056342,-0.14929577464788724,True,False,False
601009.SH,20260317,南京银行,银行,C,B,0.5982607565348431,3,top3,20260318,11.53,11.52,11.47,11.37,-0.0008673026886383273,-0.005203816131829853,-0.013876843018213347,False,False,False
000729.SZ,20260318,燕京啤酒,啤酒,C,B,0.7346389038810104,2,top2,20260319,13.0,12.85,12.78,12.16,-0.011538461538461608,-0.01692307692307693,-0.06461538461538463,False,False,False
001287.SZ,20260318,中电港,元器件,A,B,0.6887490167231672,3,top3,20260319,24.65,24.55,25.01,24.68,-0.0040567951318457585,0.014604462474645086,0.0012170385395537942,False,True,True
002213.SZ,20260318,大为股份,半导体,C,A,0.859539402961015,1,top1,20260319,29.37,29.6,29.14,28.0,0.00783112019067067,-0.007831120190670782,-0.046646237657473666,True,False,False
600780.SH,20260319,通宝能源,火力发电,A,B,0.6449127497351498,3,top3,20260320,6.78,6.79,6.58,6.98,0.001474926253687281,-0.029498525073746285,0.029498525073746285,True,False,True
601088.SH,20260319,中国神华,煤炭开采,C,A,0.8246044767848957,1,top1,20260320,48.61,49.55,49.5,48.48,0.019337584859082435,0.018308989919769703,-0.0026743468422135708,True,True,False
603565.SH,20260319,中谷物流,水运,G,B,0.656732989157881,2,top2,20260320,11.0,11.17,10.68,11.14,0.015454545454545388,-0.029090909090909167,0.012727272727272698,True,False,True
000423.SZ,20260320,东阿阿胶,中成药,C,B,0.7774075275963246,2,top2,20260323,56.02,54.92,56.4,55.7,-0.01963584434130672,0.006783291681542236,-0.005712245626561918,False,True,False
002309.SZ,20260320,中利集团,电气设备,A,A,0.8814931767692797,1,top1,20260323,4.19,4.19,4.61,5.07,0.0,0.10023866348448696,0.2100238663484486,False,True,True
600207.SH,20260323,安彩高科,电气设备,A,B,0.78998325869186,2,top2,20260324,5.88,6.18,5.98,6.58,0.05102040816326525,0.017006802721088565,0.11904761904761907,True,True,True
600938.SH,20260323,中国海油,石油开采,C,B,0.6557682188946167,3,top3,20260324,40.92,41.95,40.58,40.93,0.025171065493646116,-0.008308895405669703,0.00024437927663734094,True,False,True
601908.SH,20260323,京运通,电气设备,A,A,0.8472818152967313,1,top1,20260324,4.33,4.5,4.57,5.03,0.03926096997690531,0.05542725173210172,0.161662817551963,True,True,True
601330.SH,20260324,绿色动力,环境保护,C,A,0.8968851158362425,1,top1,20260325,11.0,10.68,9.61,9.69,-0.029090909090909167,-0.12636363636363646,-0.11909090909090914,False,False,False
603301.SH,20260324,振德医疗,医疗保健,A,B,0.6895417178753384,3,top3,20260325,92.35,94.05,92.22,93.98,0.01840822956145094,-0.00140768814293446,0.017650243638332563,True,False,True
603628.SH,20260324,清源股份,电气设备,G,B,0.7107364375819112,2,top2,20260325,15.84,16.65,16.67,16.35,0.051136363636363535,0.052398989898990056,0.032196969696969724,True,True,True
000539.SZ,20260325,粤电力Ａ,火力发电,C,A,0.9002015233259284,1,top1,20260326,7.68,7.49,6.94,6.3,-0.02473958333333326,-0.09635416666666663,-0.1796875,False,False,False
600395.SH,20260325,盘江股份,煤炭开采,C,B,0.7721782317007007,2,top2,20260326,6.27,6.12,6.17,5.95,-0.023923444976076458,-0.015948963317384268,-0.05103668261562988,False,False,False
600642.SH,20260325,申能股份,火力发电,C,B,0.7431953825215578,3,top3,20260326,9.22,9.28,9.21,9.05,0.006507592190889255,-0.0010845986984815426,-0.018438177874186557,True,False,False
000720.SZ,20260326,新能泰山,电气设备,C,A,0.8807315138051413,1,top1,20260327,5.43,5.51,4.96,5.46,0.014732965009208066,-0.0865561694290976,0.005524861878453136,True,False,True
002655.SZ,20260326,共达电声,元器件,A,B,0.6920051306957717,3,top3,20260327,17.51,17.66,17.5,18.1,0.008566533409480215,-0.0005711022272987254,0.03369503141062258,True,False,True
002832.SZ,20260326,比音勒芬,服饰,C,B,0.6983793857409795,2,top2,20260327,17.44,17.36,17.5,17.12,-0.004587155963302836,0.0034403669724769603,-0.01834862385321101,False,True,False
000890.SZ,20260327,法尔胜,环境保护,A,B,0.6978859778345367,2,top2,20260330,13.95,14.83,15.43,15.3,0.06308243727598573,0.10609318996415773,0.09677419354838723,True,True,True
002866.SZ,20260327,传艺科技,IT设备,G,B,0.6895443922558088,3,top3,20260330,20.99,22.8,21.75,21.65,0.08623153882801349,0.036207717960933916,0.03144354454502141,True,True,True
600186.SH,20260327,莲花控股,食品,G,A,0.8322305352798053,1,top1,20260330,6.9,7.39,7.1,7.33,0.07101449275362315,0.02898550724637672,0.062318840579710155,True,True,True
600487.SH,20260330,亨通光电,通信设备,C,B,0.7499407322212448,2,top2,20260331,53.31,52.66,51.96,53.39,-0.012192834365034821,-0.025323579065841373,0.0015006565372350789,False,False,True
603738.SH,20260330,泰晶科技,元器件,C,B,0.7776736035715065,1,top1,20260331,26.34,25.92,26.3,24.81,-0.015945330296127547,-0.0015186028853454436,-0.05808656036446469,False,False,False
