trade_date,stock_code,stock_name,ts_code,path_source,label_class,label_A_high,label_A_mid,label_A_low,label_C,label_G,score_total,score_platform_axis_single,score_industry_axis_single,f_chip_winner_rate,f_platform_compress_ratio,f_strength_rs20_xsec_q,rank_global_after_merge,ret_t1_close,ret_t2_close,ret_t3_close,quality_tag,quality_tag_reason,quality_tag_industry_cap,quality_tag_rs20_floor,signal_triggered,signal_type,signal_time,signal_price,signal_reason,non_trigger_reason
20250508,000997.SZ,新大陆,000997.SZ,B,C,0,0,0,1,0,0.743355363417728,0.6281458797327394,0.4188929749607917,0.9830590524091548,0.4382207578253707,0.8022426095820592,3.0,-0.0338983050847457,0.0627118644067796,0.0362711864406779,0,baseline_only,0.5869395922340599,0.8270325203252032,0,,,,,missing_intraday_data
20250509,603121.SH,华培动力,603121.SH,A,G,0,0,0,0,1,0.8070701963117193,0.4929064587973273,0.6676558866475583,0.8655826430746728,0.4650943396226415,0.9867549668874172,2.0,0.040016501650165,0.0445544554455445,0.0325907590759078,0,baseline_only,0.5869395922340599,0.8270325203252032,0,,,,,missing_intraday_data
20250512,603990.SH,麦迪科技,603990.SH,A,A,0,0,1,0,0,0.8289916716240334,0.6232572383073496,0.7920272024228002,0.7494554981733642,0.361111111111111,0.9490575649516046,2.0,-0.0039603960396039,-0.0217821782178218,-0.0448844884488448,0,baseline_only,0.5869395922340599,0.8270325203252032,0,,,,,missing_intraday_data
20250513,601288.SH,农业银行,601288.SH,B,C,0,0,0,1,0,0.6449739499804221,0.7219181514476615,0.7043358931372019,0.9994553478086868,0.4246575342465757,0.7033639143730887,3.0,0.0035587188612098,0.0071174377224199,-0.0053380782918149,0,baseline_only,0.5869395922340599,0.8270325203252032,0,,,,,missing_intraday_data
20250514,000420.SZ,吉林化纤,000420.SZ,A,A,1,0,0,0,0,0.8182584186974405,0.5954203786191536,0.6950543507652371,0.9639519505601372,0.446808510638298,0.9230377166156982,2.0,0.0636792452830188,0.080188679245283,0.1886792452830188,0,baseline_only,0.5869395922340599,0.8270325203252032,0,,,,,missing_intraday_data
20250515,600057.SH,厦门象屿,600057.SH,A,C,0,0,0,1,0,0.7797247388911209,0.7235356347438752,0.4392136715158726,0.966748589597386,0.3379310344827587,0.9393476044852191,1.0,-0.0057636887608069,0.0086455331412103,0.0043227665706051,1,ind_le_q55_and_rs20_ge_q30,0.5869395922340599,0.8270325203252032,0,,,,,missing_intraday_data
20250516,601515.SH,衢州东峰,601515.SH,B,G,0,0,0,0,1,0.7119046957225194,0.7072605790645878,0.0778689632794332,0.8973090509532023,0.2328767123287673,0.9495412844036696,2.0,-0.0073710073710073,0.0024570024570023,0.0343980343980343,1,ind_le_q55_and_rs20_ge_q30,0.5869395922340599,0.8270325203252032,0,,,,,missing_intraday_data
20250519,600499.SH,科达制造,600499.SH,A,C,0,0,0,1,0,0.871963928397599,0.6445322939866369,0.6196528040668433,0.9526191912507154,0.3636363636363638,0.9688934217236104,2.0,-0.0028985507246376,-0.0212560386473429,-0.0280193236714975,0,baseline_only,0.5869395922340599,0.8270325203252032,0,,,,,missing_intraday_data
20250520,600800.SH,渤海化学,600800.SH,A,C,0,0,0,1,0,0.8448861312689591,0.4353925389755011,0.5865015412903575,0.9855405331816864,0.5113636363636364,0.940427698574338,1.0,0.0101010101010101,-0.0454545454545455,-0.0782828282828282,1,ind_le_q55_and_rs20_ge_q30,0.5869395922340599,0.8270325203252032,0,,,,,missing_intraday_data
20250521,600389.SH,江山股份,600389.SH,A,A,0,1,0,0,0,0.807951706235466,0.5619766146993318,0.4415594072792169,0.9899787511487252,0.4599589322381933,0.9475292919001528,2.0,-0.0257894736842104,0.0326315789473685,0.0426315789473683,1,ind_le_q55_and_rs20_ge_q30,0.5869395922340599,0.8270325203252032,0,,,,,missing_intraday_data
20250522,001319.SZ,铭科精技,001319.SZ,A,G,0,0,0,0,1,0.7008788275892932,0.6016453229398664,0.6656549132010168,0.5068394841458199,0.372093023255814,0.8818135506877228,1.0,0.0129870129870128,0.0090187590187589,-0.0068542568542567,0,baseline_only,0.5869395922340599,0.8270325203252032,0,,,,,missing_intraday_data
20250523,603997.SH,继峰股份,603997.SH,A,C,0,0,0,1,0,0.8735647071548323,0.5065701559020044,0.5908820507273809,0.985548932552653,0.4775784753363229,0.9485481406011208,1.0,-0.0014430014430013,-0.0043290043290041,-0.0036075036075035,0,baseline_only,0.5869395922340599,0.8270325203252032,0,,,,,missing_intraday_data
20250526,603683.SH,晶华新材,603683.SH,A,G,0,0,0,0,1,0.8594713644475691,0.6425723830734966,0.6298401925260937,0.926920404450916,0.3280141843971631,0.9643402954661232,1.0,0.0694249649368863,0.0778401122019634,0.076437587657784,0,baseline_only,0.5869395922340599,0.8270325203252032,0,,,,,missing_intraday_data
20250527,000967.SZ,盈峰环境,000967.SZ,A,G,0,0,0,0,1,0.8456267914120383,0.5011581291759466,0.5175761181115137,0.9812000233040862,0.5276073619631899,0.9689567430025444,1.0,-0.0026246719160105,0.0052493438320209,-0.0406824146981628,1,ind_le_q55_and_rs20_ge_q30,0.5869395922340599,0.8270325203252032,0,,,,,missing_intraday_data
20250528,603611.SH,诺力股份,603611.SH,A,C,0,0,0,1,0,0.8452941971770052,0.4680233853006681,0.5304404845600562,0.9803037404425764,0.5145348837209306,0.9750762970498474,2.0,0.021380846325167,-0.020044543429844,-0.0926503340757237,1,ind_le_q55_and_rs20_ge_q30,0.5869395922340599,0.8270325203252032,0,,,,,missing_intraday_data
20250529,603123.SH,翠微股份,603123.SH,A,A,1,0,0,0,0,0.8589278567951977,0.5381792873051225,0.5512681845222,0.9965219128903812,0.4977973568281942,0.9730417090539166,2.0,0.0,0.1004444444444445,0.1457777777777777,1,ind_le_q55_and_rs20_ge_q30,0.5869395922340599,0.8270325203252032,0,,,,,missing_intraday_data
20250530,603444.SH,吉比特,603444.SH,B,A,1,0,0,0,0,0.7531379772995902,0.8003563474387527,0.1891731112433075,0.99482421740388,0.3033850852634255,0.7360122075279756,2.0,0.0628290766208252,0.077328094302554,0.0867190569744598,0,baseline_only,0.5869395922340599,0.8270325203252032,0,,,,,missing_intraday_data
20250603,600285.SH,羚锐制药,600285.SH,B,C,0,0,0,1,0,0.742439884388432,0.8483129175946548,0.7274484884538425,0.9618614372440636,0.3565217391304353,0.7517838939857289,4.0,-0.0056703118671527,-0.0267314702308627,-0.025111381125962,0,baseline_only,0.5869395922340599,0.8270325203252032,0,,,,,missing_intraday_data
20250604,600249.SH,两面针,600249.SH,A,C,0,0,0,1,0,0.8306681628900547,0.6084632516703785,0.5394651452057757,0.9871306012617184,0.3680297397769513,0.959775967413442,1.0,-0.0345864661654136,-0.0270676691729324,-0.0285714285714285,1,ind_le_q55_and_rs20_ge_q30,0.5869395922340599,0.8270325203252032,0,,,,,missing_intraday_data
20250605,603109.SH,神驰机电,603109.SH,A,C,0,0,0,1,0,0.8177781082688876,0.5985746102449888,0.6330444540587313,0.7795868818114602,0.3708661417322835,0.9735368956743002,1.0,-0.0442477876106194,-0.0584070796460176,-0.1008849557522124,0,baseline_only,0.5869395922340599,0.8270325203252032,0,,,,,missing_intraday_data
20250606,600459.SH,贵研铂业,600459.SH,B,G,0,0,0,0,1,0.735167555374316,0.6290089086859688,0.5626723811584013,0.9800209053063555,0.4999999999999995,0.9389002036659878,3.0,0.0135483870967743,-0.0077419354838709,0.0206451612903226,1,ind_le_q55_and_rs20_ge_q30,0.5869395922340599,0.8270325203252032,0,,,,,missing_intraday_data
20250609,600800.SH,渤海化学,600800.SH,A,C,0,0,0,1,0,0.8792242171867396,0.500011135857461,0.7855510789032502,0.9690173114108254,0.47972972972973,0.9704533876719308,1.0,0.0,-0.0158013544018057,-0.020316027088036,0,baseline_only,0.5869395922340599,0.8270325203252032,0,,,,,missing_intraday_data
20250610,603333.SH,尚纬股份,603333.SH,A,C,0,0,0,1,0,0.8507833540641393,0.4160077951002227,0.6340652209182845,0.959112053281814,0.5210084033613446,0.9979623025980642,1.0,-0.0598930481283422,-0.0491978609625667,-0.1208556149732619,0,baseline_only,0.5869395922340599,0.8270325203252032,0,,,,,missing_intraday_data
20250611,601838.SH,成都银行,601838.SH,B,G,0,0,0,0,1,0.6919771156229642,0.8351948775055679,0.0723122059380239,0.9746026144666946,0.2798507462686567,0.7412124299541518,3.0,0.0139896373056993,0.0062176165803109,0.0155440414507772,0,baseline_only,0.5869395922340599,0.8270325203252032,0,,,,,missing_intraday_data
20250612,000661.SZ,长春高新,000661.SZ,B,C,0,0,0,1,0,0.762277964824316,0.7659632516703786,0.3070480233627169,0.937384174840438,0.276259607173356,0.9184505606523956,3.0,-0.0107334525939177,-0.0272808586762074,-0.0697674418604651,1,ind_le_q55_and_rs20_ge_q30,0.5869395922340599,0.8270325203252032,0,,,,,missing_intraday_data
20250613,600685.SH,中船防务,600685.SH,B,G,0,0,0,0,1,0.7461179425759751,0.8017873051224944,0.0980138986533989,0.811430196445769,0.3661016949152549,0.6889002036659878,3.0,0.0015923566878981,-0.0011942675159236,0.0119426751592357,0,baseline_only,0.5869395922340599,0.8270325203252032,0,,,,,missing_intraday_data
20250616,601319.SH,中国人保,601319.SH,B,C,0,0,0,1,0,0.6815567615541304,0.745695991091314,0.2808798875128441,0.9996593489070484,0.3293413173652697,0.7974554707379135,3.0,-0.0103329506314582,-0.026406429391504,-0.0378874856486797,0,baseline_only,0.5869395922340599,0.8270325203252032,0,,,,,missing_intraday_data
20250617,600195.SH,中牧股份,600195.SH,B,G,0,0,0,0,1,0.7804069657960031,0.8595601336302896,0.2354388621491536,0.8815481091650743,0.3548387096774189,0.6680223690899848,3.0,-0.0110957004160887,-0.0249653259361997,-0.015256588072122,0,baseline_only,0.5869395922340599,0.8270325203252032,0,,,,,missing_intraday_data
20250618,601838.SH,成都银行,601838.SH,B,G,0,0,0,0,1,0.7479824935810023,0.8485244988864142,0.5026026174895895,0.9999465773088256,0.2448275862068957,0.9171326893746824,3.0,-0.0079168728352301,-0.0069272637308263,0.0024740227610093,1,ind_le_q55_and_rs20_ge_q30,0.5869395922340599,0.8270325203252032,0,,,,,missing_intraday_data
20250619,600273.SH,嘉化能源,600273.SH,B,G,0,0,0,0,1,0.7486985523435394,0.8371269487750557,0.5585284733113406,0.8540322531317411,0.4038461538461524,0.6837824097610574,2.0,-0.0106761565836298,-0.015421115065243,0.0071174377224199,0,baseline_only,0.5869395922340599,0.8270325203252032,0,,,,,missing_intraday_data
20250620,601998.SH,中信银行,601998.SH,A,C,0,0,0,1,0,0.8208599778604557,0.6556291759465478,0.5636999080633822,0.9954690213505007,0.4285714285714292,0.9303507880020336,1.0,0.0,-0.0115074798619102,0.0011507479861909,1,ind_le_q55_and_rs20_ge_q30,0.5869395922340599,0.8270325203252032,0,,,,,missing_intraday_data
20250623,601916.SH,浙商银行,601916.SH,A,G,0,0,0,0,1,0.8550935590287168,0.5524554565701558,0.6188010383429776,0.9995060465619422,0.5510204081632647,0.9450661241098678,1.0,-0.0027855153203342,0.0111420612813371,0.0250696378830084,0,baseline_only,0.5869395922340599,0.8270325203252032,0,,,,,missing_intraday_data
20250624,000988.SZ,华工科技,000988.SZ,A,G,0,0,0,0,1,0.8311293600739984,0.621347438752784,0.7653723433021471,0.9658721471628834,0.5381355932203389,0.8830111902339777,1.0,0.0043103448275862,0.0010775862068965,-0.0015086206896551,0,baseline_only,0.5869395922340599,0.8270325203252032,0,,,,,missing_intraday_data
20250625,000915.SZ,华特达因,000915.SZ,B,A,1,0,0,0,0,0.6980840157590392,0.7563919821826279,0.171826834676329,0.8441559448661381,0.3567134268537075,0.7075279755849441,3.0,-0.004176035978156,0.0420815933183424,0.1355605525216834,0,baseline_only,0.5869395922340599,0.8270325203252032,0,,,,,missing_intraday_data
20250626,601528.SH,瑞丰银行,601528.SH,B,G,0,0,0,0,1,0.8019377292253245,0.8463641425389754,0.5446636201395274,0.999261765711767,0.2784810126582278,0.8819938962360122,2.0,-0.0216306156405989,-0.0366056572379367,-0.0282861896838602,1,ind_le_q55_and_rs20_ge_q30,0.5869395922340599,0.8270325203252032,0,,,,,missing_intraday_data
20250627,600711.SH,盛屯矿业,600711.SH,B,A,1,0,0,0,0,0.7405349831257616,0.6703201559020044,0.6153736953112324,0.9908837653235388,0.4925373134328359,0.9201017811704836,3.0,0.0112,0.0544,0.0656000000000001,0,baseline_only,0.5869395922340599,0.8270325203252032,0,,,,,missing_intraday_data
20250630,600379.SH,宝光股份,600379.SH,A,A,1,0,0,0,0,0.8144710978257513,0.5545601336302894,0.905771726786004,0.9142030310088018,0.4507462686567164,0.879837067209776,1.0,0.0645438898450947,0.0688468158347677,0.0404475043029259,0,baseline_only,0.5869395922340599,0.8270325203252032,0,,,,,missing_intraday_data
20250701,603988.SH,中电电机,603988.SH,A,C,0,0,0,1,0,0.8650605700070305,0.450673719376392,0.7507706451787356,0.9472298434124592,0.5212527964205818,0.9679226069246436,1.0,-0.0039412396990325,-0.0637764242207095,-0.0913651021139376,0,baseline_only,0.5869395922340599,0.8270325203252032,0,,,,,missing_intraday_data
20250702,605020.SH,永和股份,605020.SH,A,G,0,0,0,0,1,0.8698088259153103,0.5010579064587972,0.7013141528311071,0.9752271689043834,0.5993485342019543,0.9460285132382892,1.0,-0.0157349896480331,-0.0169772256728778,-0.0008281573498964,0,baseline_only,0.5869395922340599,0.8270325203252032,0,,,,,missing_intraday_data
20250703,000889.SZ,中嘉博创,000889.SZ,A,G,0,0,0,0,1,0.8330747390622466,0.6347383073496659,0.6416837921150831,0.914097081135025,0.3313253012048192,0.9674300254452928,1.0,-0.0772946859903381,-0.0772946859903381,-0.0700483091787438,0,baseline_only,0.5869395922340599,0.8270325203252032,0,,,,,missing_intraday_data
20250704,600645.SH,中源协和,600645.SH,B,G,0,0,0,0,1,0.80161303941143,0.7323830734966592,0.3207844356714077,0.9999999999999998,0.3606911447084238,0.9033078880407124,3.0,-0.0096153846153845,0.0288461538461537,0.0061538461538461,1,ind_le_q55_and_rs20_ge_q30,0.5869395922340599,0.8270325203252032,0,,,,,missing_intraday_data
20250707,601860.SH,紫金银行,601860.SH,B,G,0,0,0,0,1,0.6411450260062792,0.523424276169265,0.3912646692985777,0.993360116459188,0.5945945945945937,0.8835198372329603,4.0,0.0031446540880502,0.0251572327044022,0.0377358490566037,1,ind_le_q55_and_rs20_ge_q30,0.5869395922340599,0.8270325203252032,0,,,,,missing_intraday_data
20250708,600063.SH,皖维高新,600063.SH,B,C,0,0,0,1,0,0.777407595177956,0.7287861915367484,0.276986101346601,0.9900408263749568,0.4444444444444448,0.8518329938900203,3.0,-0.0102669404517453,-0.0082135523613963,-0.0061601642710472,1,ind_le_q55_and_rs20_ge_q30,0.5869395922340599,0.8270325203252032,0,,,,,missing_intraday_data
20250709,603800.SH,洪田股份,603800.SH,A,C,0,0,0,1,0,0.8146306311178412,0.5287249443207127,0.4895557298145043,0.8973923117566956,0.5023400936037445,0.973027989821883,2.0,-0.0335312609151239,-0.0590289905693327,-0.0736989172196995,1,ind_le_q55_and_rs20_ge_q30,0.5869395922340599,0.8270325203252032,0,,,,,missing_intraday_data
20250710,600208.SH,衢州发展,600208.SH,A,A,0,0,1,0,0,0.8791241685144126,0.4969821826280622,0.8568289978908658,0.9585291856887248,0.5468750000000004,0.9704834605597964,1.0,0.0542168674698795,0.0150602409638556,-0.0060240963855421,0,baseline_only,0.5869395922340599,0.8270325203252032,0,,,,,missing_intraday_data
20250711,600549.SH,厦门钨业,600549.SH,B,G,0,0,0,0,1,0.8273622643952064,0.8824387527839643,0.7913647179709047,0.975383802791172,0.2386363636363632,0.6139369277721262,3.0,-0.0126811594202898,-0.0240036231884056,-0.0212862318840578,0,baseline_only,0.5869395922340599,0.8270325203252032,0,,,,,missing_intraday_data
20250714,000901.SZ,航天科技,000901.SZ,B,G,0,0,0,0,1,0.8363124239068555,0.8023106904231625,0.7690836082418474,0.9746958049908409,0.3416149068322976,0.8178117048346056,2.0,0.0323886639676114,0.0056680161943321,0.0340080971659919,0,baseline_only,0.5869395922340599,0.8270325203252032,0,,,,,missing_intraday_data
20250715,001287.SZ,中电港,001287.SZ,A,G,0,0,0,0,1,0.8080533019677774,0.7299443207126948,0.5116881185441566,0.8758569101895861,0.4611398963730573,0.9338758901322484,1.0,0.0049594229035165,-0.0072137060414788,0.042380522993688,1,ind_le_q55_and_rs20_ge_q30,0.5869395922340599,0.8270325203252032,0,,,,,missing_intraday_data
20250716,600196.SH,复星医药,600196.SH,B,C,0,0,0,1,0,0.7050480506119045,0.7533574610244989,0.8476623762911687,0.8859515590313166,0.453744493392071,0.6544529262086514,3.0,0.0053313023610053,0.0038080731150036,-0.004950495049505,0,baseline_only,0.5869395922340599,0.8270325203252032,0,,,,,missing_intraday_data
20250717,603386.SH,骏亚科技,603386.SH,A,C,0,0,0,1,0,0.856678546442901,0.6822160356347439,0.8212373587150505,0.9725828282449386,0.379310344827586,0.9017811704834604,1.0,-0.009622501850481,-0.0007401924500369,-0.0222057735011101,0,baseline_only,0.5869395922340599,0.8270325203252032,0,,,,,missing_intraday_data
20250718,600351.SH,亚宝药业,600351.SH,B,A,1,0,0,0,0,0.7383896091943227,0.6897021158129175,0.1271158942188091,0.9575118608910396,0.4848484848484845,0.6200406917599186,3.0,0.0434108527131782,0.0387596899224806,0.1007751937984495,0,baseline_only,0.5869395922340599,0.8270325203252032,0,,,,,missing_intraday_data
20250721,000932.SZ,华菱钢铁,000932.SZ,A,A,0,1,0,0,0,0.8846647017467959,0.6273775055679287,0.8154845600562435,0.9762818421578888,0.434782608695652,0.9471544715447154,2.0,0.0596745027124774,0.0307414104882459,0.0397830018083182,0,baseline_only,0.5869395922340599,0.8270325203252032,0,,,,,missing_intraday_data
20250722,600166.SH,福田汽车,600166.SH,B,C,0,0,0,1,0,0.8167935154219895,0.8218819599109131,0.3428762641284949,0.9984493967886904,0.3157894736842109,0.7019328585961343,3.0,-0.0206896551724138,-0.0172413793103447,-0.0310344827586206,0,baseline_only,0.5869395922340599,0.8270325203252032,0,,,,,missing_intraday_data
20250723,603716.SH,塞力医疗,603716.SH,A,A,1,0,0,0,0,0.8006454491374183,0.4941759465478841,0.4071778162349251,1.0,0.4557606619987269,0.9994913530010172,2.0,0.0555555555555555,0.0840277777777778,0.1510416666666665,1,ind_le_q55_and_rs20_ge_q30,0.5869395922340599,0.8270325203252032,0,,,,,missing_intraday_data
20250724,600410.SH,华胜天成,600410.SH,B,G,0,0,0,0,1,0.73639609537434,0.6344710467706013,0.5145205775782813,0.9959425373268692,0.4611111111111109,0.8244274809160306,3.0,-0.0118181818181818,-0.0236363636363635,-0.0154545454545454,0,baseline_only,0.5869395922340599,0.8270325203252032,0,,,,,missing_intraday_data
20250725,603228.SH,景旺电子,603228.SH,A,A,1,0,0,0,0,0.8612722405494566,0.5673719376391981,0.5666067275972094,0.9993803868986426,0.3984826589595376,0.9913486005089058,1.0,0.083704974271012,0.1665523156089194,0.1355060034305317,1,ind_le_q55_and_rs20_ge_q30,0.5869395922340599,0.8270325203252032,0,,,,,missing_intraday_data
20250728,600276.SH,恒瑞医药,600276.SH,A,G,0,0,0,0,1,0.8459714363437436,0.7378730512249443,0.6080728462495268,0.9999999999999998,0.395715896279594,0.9272264631043255,2.0,0.0126984126984126,0.0093650793650794,-0.0015873015873015,0,baseline_only,0.5869395922340599,0.8270325203252032,0,,,,,missing_intraday_data
20250729,600570.SH,恒生电子,600570.SH,B,C,0,0,0,1,0,0.8408900884845215,0.7590423162583518,0.5388905413444378,1.0,0.2762836185819067,0.9182326053834434,3.0,-0.0387113535983373,-0.0594959729799947,-0.076903091712133,1,ind_le_q55_and_rs20_ge_q30,0.5869395922340599,0.8270325203252032,0,,,,,missing_intraday_data
20250730,600216.SH,浙江医药,600216.SH,B,C,0,0,0,1,0,0.7949564198086759,0.7620907572383073,0.7597615055973175,0.9701889592138576,0.4400000000000001,0.8059928897917725,3.0,-0.0239117106069894,-0.0226854690374003,-0.0275904353157571,0,baseline_only,0.5869395922340599,0.8270325203252032,0,,,,,missing_intraday_data
20250731,601515.SH,衢州东峰,601515.SH,B,A,1,0,0,0,0,0.8040617776292495,0.7761191536748329,0.2118057433345952,0.9601957467561498,0.3283582089552235,0.8310467479674797,2.0,0.0192307692307691,0.0528846153846154,0.0552884615384614,1,ind_le_q55_and_rs20_ge_q30,0.5869395922340599,0.8270325203252032,0,,,,,missing_intraday_data
20250801,603488.SH,展鹏科技,603488.SH,B,G,0,0,0,0,1,0.8285170115717401,0.7871436525612472,0.1241955545941268,0.949154240566942,0.2142857142857141,0.8902439024390244,3.0,0.075808249721293,0.0133779264214046,0.0167224080267556,1,ind_le_q55_and_rs20_ge_q30,0.5869395922340599,0.8270325203252032,0,,,,,missing_intraday_data
20250804,603683.SH,晶华新材,603683.SH,A,C,0,0,0,1,0,0.8465596776810341,0.4899331848552338,0.4654223676383104,0.999043315702836,0.4790697674418606,0.9903357070193286,1.0,0.0548523206751054,0.0088607594936709,-0.0092827004219409,1,ind_le_q55_and_rs20_ge_q30,0.5869395922340599,0.8270325203252032,0,,,,,missing_intraday_data
20250805,603270.SH,金帝股份,603270.SH,B,G,0,0,0,0,1,0.7629098307283586,0.8085690423162584,0.5957019631171921,0.940332513259134,0.3784722222222218,0.8199389623601221,4.0,0.0153846153846153,0.0084249084249083,0.0106227106227105,0,baseline_only,0.5869395922340599,0.8270325203252032,0,,,,,missing_intraday_data
20250806,600596.SH,新安股份,600596.SH,A,C,0,0,0,1,0,0.8115604197623103,0.5687750556792873,0.5579809096317128,0.8499969805420975,0.4391891891891893,0.9374364191251272,1.0,-0.0284035259549462,-0.0156709108716944,-0.0048971596474045,1,ind_le_q55_and_rs20_ge_q30,0.5869395922340599,0.8270325203252032,0,,,,,missing_intraday_data
20250807,603040.SH,新坐标,603040.SH,A,A,0,1,0,0,0,0.8516946081877672,0.6173218262806236,0.7592139419176895,0.9412761805162052,0.3786523553965414,0.9715302491103204,2.0,-0.0001979805979013,0.0235596911502673,0.0728568600277173,0,baseline_only,0.5869395922340599,0.8270325203252032,0,,,,,missing_intraday_data
20250808,000633.SZ,合金投资,000633.SZ,B,G,0,0,0,0,1,0.7768095540903968,0.7646659242761692,0.5554256124601158,0.9297004040507436,0.2356687898089172,0.7758007117437722,3.0,-0.0120663650075414,-0.0150829562594267,-0.0105580693815988,0,baseline_only,0.5869395922340599,0.8270325203252032,0,,,,,missing_intraday_data
20250811,000050.SZ,深天马Ａ,000050.SZ,B,C,0,0,0,1,0,0.8106295945007362,0.7911720489977728,0.8791506678924883,0.9824050305174892,0.3697478991596636,0.8272357723577236,3.0,0.0051599587203303,-0.0010319917440659,-0.0185758513931888,0,baseline_only,0.5869395922340599,0.8270325203252032,0,,,,,missing_intraday_data
20250812,000783.SZ,长江证券,000783.SZ,B,A,0,1,0,0,0,0.7791481609587907,0.7884465478841871,0.4209480287707533,0.985326425017017,0.3723404255319147,0.7169715447154471,4.0,0.027237354085603,0.0181582360570686,0.0544747081712062,0,baseline_only,0.5869395922340599,0.8270325203252032,0,,,,,missing_intraday_data
20250813,603090.SH,宏盛股份,603090.SH,A,C,0,0,0,1,0,0.879824509220702,0.4397104677060133,0.7989630090314206,0.9709310081207024,0.5290546400693843,0.9705284552845528,2.0,-0.0124013528748589,0.0033821871476888,-0.0825817361894024,0,baseline_only,0.5869395922340599,0.8270325203252032,0,,,,,missing_intraday_data
20250814,000545.SZ,金浦钛业,000545.SZ,B,A,0,0,1,0,0,0.7767692499149281,0.6559214922048997,0.3757638851333081,0.9935419652966024,0.3469387755102039,0.8770325203252033,2.0,-0.0088757396449703,-0.059171597633136,-0.0650887573964495,1,ind_le_q55_and_rs20_ge_q30,0.5869395922340599,0.8270325203252032,0,,,,,missing_intraday_data
20250815,600392.SH,盛和资源,600392.SH,A,A,0,1,0,0,0,0.8497314909956196,0.6412527839643652,0.7714158239143367,0.9008948066507324,0.3074380165289256,0.9776309100152516,2.0,0.070042194092827,0.0303797468354432,0.0046413502109703,0,baseline_only,0.5869395922340599,0.8270325203252032,0,,,,,missing_intraday_data
20250818,603486.SH,科沃斯,603486.SH,A,A,0,0,1,0,0,0.85151343897031,0.5473775055679287,0.6357417121843059,0.9800143002723368,0.4230568596765779,0.9740721911540416,2.0,-0.0256690333151282,-0.0027307482250136,-0.0012015292190059,0,baseline_only,0.5869395922340599,0.8270325203252032,0,,,,,missing_intraday_data
20250819,603119.SH,浙江荣泰,603119.SH,B,A,0,0,1,0,0,0.7835731885468267,0.6478340757238307,0.8723703423287005,0.9630666977299832,0.3096464126330244,0.9583333333333334,3.0,0.0121875,-0.0023437499999999,0.0546875,0,baseline_only,0.5869395922340599,0.8270325203252032,0,,,,,missing_intraday_data
20250820,000050.SZ,深天马Ａ,000050.SZ,B,G,0,0,0,0,1,0.789108715353593,0.7751920935412027,0.8050335298253204,0.9856938139562504,0.3790322580645165,0.6786985256736147,3.0,-0.0081883316274309,0.0112589559877176,0.0030706243602867,0,baseline_only,0.5869395922340599,0.8270325203252032,0,,,,,missing_intraday_data
20250821,001206.SZ,依依股份,001206.SZ,B,C,0,0,0,1,0,0.7710846482785984,0.6856124721603564,0.2850575955870423,0.980168707083358,0.3553846153846157,0.7107269954245043,4.0,-0.0221289584128195,-0.0351011064479207,-0.054177794734834,0,baseline_only,0.5869395922340599,0.8270325203252032,0,,,,,missing_intraday_data
20250822,000980.SZ,众泰汽车,000980.SZ,A,G,0,0,0,0,1,0.8770339624682278,0.5652227171492205,0.7929127683738035,0.9701193551945988,0.4666666666666664,0.9532520325203252,1.0,-0.0078431372549019,0.0117647058823531,-0.0078431372549019,0,baseline_only,0.5869395922340599,0.8270325203252032,0,,,,,missing_intraday_data
20250825,603319.SH,美湖股份,603319.SH,A,G,0,0,0,0,1,0.8792079930777136,0.6255957683741648,0.8151668379211509,0.9477035558090284,0.3570914326853852,0.9776536312849162,1.0,-0.0198285101822079,0.0107181136120042,-0.0139335476956056,0,baseline_only,0.5869395922340599,0.8270325203252032,0,,,,,missing_intraday_data
20250826,000572.SZ,海马汽车,000572.SZ,B,C,0,0,0,1,0,0.7623209627191363,0.6724582405345211,0.4450678708560922,0.9894284585379176,0.4745762711864397,0.6886744540375825,3.0,-0.0062893081761005,-0.0272536687631027,-0.0251572327044024,0,baseline_only,0.5869395922340599,0.8270325203252032,0,,,,,missing_intraday_data
20250827,600810.SH,神马股份,600810.SH,B,A,0,0,1,0,0,0.7075485657699386,0.5786469933184856,0.1836771943107457,0.9840703282289118,0.566037735849056,0.7901422764227642,3.0,-0.0039525691699603,-0.0069169960474306,0.0069169960474309,0,baseline_only,0.5869395922340599,0.8270325203252032,0,,,,,missing_intraday_data
20250828,600895.SH,张江高科,600895.SH,B,C,0,0,0,1,0,0.8038903026052469,0.6645267260579064,0.2381023200475907,1.0,0.3228840125391847,0.8897917724733367,3.0,-0.062900838677849,-0.0488406512086827,-0.0604341391218548,1,ind_le_q55_and_rs20_ge_q30,0.5869395922340599,0.8270325203252032,0,,,,,missing_intraday_data
20250829,601606.SH,长城军工,601606.SH,B,C,0,0,0,1,0,0.8042629865410007,0.6464198218262807,0.6406359850738197,0.9873208129438124,0.2917127071823205,0.9974606399187405,3.0,-0.004225352112676,0.02,-0.0819718309859154,0,baseline_only,0.5869395922340599,0.8270325203252032,0,,,,,missing_intraday_data
20250901,600037.SH,歌华有线,600037.SH,B,C,0,0,0,1,0,0.7609467904326798,0.7123663697104677,0.6434481639716618,0.9977526605272244,0.3902439024390237,0.7595532039976485,4.0,-0.0562499999999999,-0.0739583333333332,-0.0999999999999998,0,baseline_only,0.5869395922340599,0.8270325203252032,0,,,,,missing_intraday_data
20250902,601908.SH,京运通,601908.SH,B,G,0,0,0,0,1,0.729067326959164,0.670445434298441,0.3725325834189606,0.955284960672106,0.4642857142857142,0.8348030570252792,3.0,0.0258215962441314,-0.0352112676056336,0.0187793427230047,1,ind_le_q55_and_rs20_ge_q30,0.5869395922340599,0.8270325203252032,0,,,,,missing_intraday_data
20250903,600298.SH,安琪酵母,600298.SH,B,A,0,1,0,0,0,0.6958835324316711,0.7556570155902004,0.0479963225352874,0.9198046307898036,0.3486238532110083,0.8595769682726204,3.0,0.0007591093117407,0.0113866396761133,0.0483299595141699,1,ind_le_q55_and_rs20_ge_q30,0.5869395922340599,0.8270325203252032,0,,,,,missing_intraday_data
20250904,600660.SH,福耀玻璃,600660.SH,A,A,0,1,0,0,0,0.8036442052890597,0.5768207126948774,0.3195405873127467,0.9791464410183576,0.4676650782845474,0.9476778365667254,1.0,0.0161841128433557,0.0283593170007425,0.0430586488492947,1,ind_le_q55_and_rs20_ge_q30,0.5869395922340599,0.8270325203252032,0,,,,,missing_intraday_data
20250905,603013.SH,亚普股份,603013.SH,A,G,0,0,0,0,1,0.851277707703231,0.502522271714922,0.7633510897193229,0.9651721014504884,0.5171821305841927,0.890652557319224,2.0,0.0487210718635808,0.0414129110840437,0.0336987413723102,0,baseline_only,0.5869395922340599,0.8270325203252032,0,,,,,missing_intraday_data
20250908,603336.SH,宏辉果蔬,603336.SH,B,G,0,0,0,0,1,0.793149681308039,0.63826280623608,0.5014872099940512,1.0,0.3851590106007068,0.9617871840094062,3.0,-0.0363636363636362,-0.0258373205741626,-0.0047846889952152,1,ind_le_q55_and_rs20_ge_q30,0.5869395922340599,0.8270325203252032,0,,,,,missing_intraday_data
20250909,600113.SH,浙江东日,600113.SH,A,C,0,0,0,1,0,0.8267500405602727,0.6840256124721603,0.7239603050132496,0.8391505052675028,0.2165257703845104,0.9888366627497064,1.0,-0.0074437489426492,-0.002537641684994,0.0010150566739977,0,baseline_only,0.5869395922340599,0.8270325203252032,0,,,,,missing_intraday_data
20250910,601880.SH,辽港股份,601880.SH,B,A,0,1,0,0,0,0.6606754946742748,0.6237193763919822,0.1113987885998594,0.929528681822949,0.5263157894736836,0.7480916030534351,3.0,0.0117647058823529,0.0411764705882353,0.0411764705882353,0,baseline_only,0.5869395922340599,0.8270325203252032,0,,,,,missing_intraday_data
20250911,601375.SH,中原证券,601375.SH,B,C,0,0,0,1,0,0.7159462840209644,0.6836024498886415,0.8261248715591369,0.913827578118354,0.4727272727272733,0.6578483245149912,4.0,-0.0084033613445377,-0.0105042016806722,0.0042016806722691,0,baseline_only,0.5869395922340599,0.8270325203252032,0,,,,,missing_intraday_data
20250912,601138.SH,工业富联,601138.SH,A,C,0,0,0,1,0,0.8370442377372778,0.5208407572383073,0.604557622627224,0.9988331670971258,0.4435333581811405,0.981786133960047,2.0,-0.0016666666666667,-0.0045,0.0186666666666666,0,baseline_only,0.5869395922340599,0.8270325203252032,0,,,,,missing_intraday_data
20250915,600853.SH,龙建股份,600853.SH,B,C,0,0,0,1,0,0.7368143990247562,0.7005456570155901,0.6978394894813693,0.966506171959004,0.4444444444444452,0.6844888366627497,3.0,-0.0117924528301885,-0.0117924528301885,-0.0212264150943395,0,baseline_only,0.5869395922340599,0.8270325203252032,0,,,,,missing_intraday_data
20250916,603439.SH,三力制药,603439.SH,B,C,0,0,0,1,0,0.6916980528628867,0.7815757238307349,0.3651844140392623,0.8580836174752977,0.3772455089820353,0.6081081081081081,3.0,-0.0014836795252225,-0.0185459940652819,-0.0318991097922848,0,baseline_only,0.5869395922340599,0.8270325203252032,0,,,,,missing_intraday_data
20250917,603111.SH,康尼机电,603111.SH,B,C,0,0,0,1,0,0.7378975060485907,0.5736859688195991,0.508335136012114,1.0,0.4876543209876546,0.9412110523221634,4.0,-0.0290909090909091,-0.0545454545454545,-0.046060606060606,1,ind_le_q55_and_rs20_ge_q30,0.5869395922340599,0.8270325203252032,0,,,,,missing_intraday_data
20250918,603186.SH,华正新材,603186.SH,B,G,0,0,0,0,1,0.7698072955865266,0.6340256124721603,0.5829254772592072,0.986426603279843,0.3711495116453793,0.8589894242068156,3.0,-0.0183234081539165,0.0155748969308293,-0.021300961978928,1,ind_le_q55_and_rs20_ge_q30,0.5869395922340599,0.8270325203252032,0,,,,,missing_intraday_data
20250919,603815.SH,交建股份,603815.SH,A,C,0,0,0,1,0,0.8302463360553785,0.5876670378619153,0.482755124114434,0.9861632015895252,0.3916666666666665,0.9888366627497064,1.0,-0.0294585987261147,-0.0636942675159236,0.003184713375796,1,ind_le_q55_and_rs20_ge_q30,0.5869395922340599,0.8270325203252032,0,,,,,missing_intraday_data
20250922,603025.SH,大豪科技,603025.SH,B,G,0,0,0,0,1,0.6701157117829379,0.6326002227171492,0.1270888540370991,0.9091380783230756,0.4227642276422764,0.7338425381903643,3.0,0.0017720023626699,0.0454813939751919,0.0248080330773774,0,baseline_only,0.5869395922340599,0.8270325203252032,0,,,,,missing_intraday_data
20250923,600660.SH,福耀玻璃,600660.SH,A,G,0,0,0,0,1,0.8582197054527189,0.7195935412026726,0.7322008003893786,0.9744587921474508,0.2821300563236049,0.917156286721504,2.0,0.0236198462613557,0.0134171907756814,0.0079664570230608,0,baseline_only,0.5869395922340599,0.8270325203252032,0,,,,,missing_intraday_data
20250924,600288.SH,大恒科技,600288.SH,B,G,0,0,0,0,1,0.8006280442039222,0.6862416481069042,0.6918771294143097,0.9849941160262452,0.4647058823529403,0.8941798941798942,3.0,0.0177430801987223,-0.0099361249112845,0.0,0,baseline_only,0.5869395922340599,0.8270325203252032,0,,,,,missing_intraday_data
20250925,603328.SH,依顿电子,603328.SH,B,C,0,0,0,1,0,0.7202983596702308,0.6596269487750557,0.5366935265804986,0.8697495385642092,0.4038461538461539,0.7942386831275721,3.0,-0.0399673735725938,-0.0252854812398042,-0.0415986949429036,0,baseline_only,0.5869395922340599,0.8270325203252032,0,,,,,missing_intraday_data
20250926,000581.SZ,威孚高科,000581.SZ,B,C,0,0,0,1,0,0.7300544336498211,0.6493207126948775,0.6865772537991456,0.9708176766035274,0.4666666666666666,0.7871840094062317,3.0,-0.0119402985074625,-0.0174840085287846,-0.0115138592750533,0,baseline_only,0.5869395922340599,0.8270325203252032,0,,,,,missing_intraday_data
20250929,000623.SZ,吉林敖东,000623.SZ,B,G,0,0,0,0,1,0.7625159832498871,0.7511414253897549,0.3540032989021686,0.9423352566632022,0.4105691056910574,0.7031158142269254,3.0,-0.0098960910440375,0.0049480455220187,0.0306778822365163,0,baseline_only,0.5869395922340599,0.8270325203252032,0,,,,,no_tagged_pattern_triggered
20250930,600301.SH,华锡有色,600301.SH,B,C,0,0,0,1,0,0.7602382068249086,0.6644626948775055,0.805790654913201,0.983524010430748,0.3547008547008548,0.7242798353909465,3.0,0.0304477611940299,-0.0486567164179104,-0.0217910447761192,0,baseline_only,0.5869395922340599,0.8270325203252032,0,,,,,no_tagged_pattern_triggered
20251009,603038.SH,华立股份,603038.SH,B,A,1,0,0,0,0,0.7457314262627857,0.7186804008908686,0.1579011410956681,0.8883923531324215,0.3071593533487295,0.8958210712183637,3.0,0.0289937464468448,0.1318931210915293,0.1335986355884026,1,ind_le_q55_and_rs20_ge_q30,0.5869395922340599,0.8270325203252032,0,,,,,no_tagged_pattern_triggered
20251010,605580.SH,恒盛能源,605580.SH,B,C,0,0,0,1,0,0.7249982426823215,0.686586859688196,0.7710305013249689,0.8677014160878942,0.2426412092283214,0.9564449676280165,3.0,0.0533333333333334,0.0385185185185183,0.0474074074074073,0,baseline_only,0.5869395922340599,0.8270325203252032,0,,,,,no_tagged_pattern_triggered
20251013,603969.SH,银龙股份,603969.SH,B,C,0,0,0,1,0,0.744579740394474,0.5676002227171493,0.281454491374182,0.993338000939813,0.4803493449781659,0.9200470311581422,3.0,-0.0201096892138938,-0.026508226691042,-0.0493601462522851,1,ind_le_q55_and_rs20_ge_q30,0.5869395922340599,0.8270325203252032,1,pullback_confirm,2025-10-13 13:05:00,10.58,"tagged_prod_v1::quality_tag1::pullback_reclaim_support(support=10.515,drawdown=0.750%)",
20251014,605289.SH,罗曼股份,605289.SH,A,A,0,0,1,0,0,0.8069971878211022,0.4448218262806235,0.6189227191606728,0.8306776017784467,0.4956676860346585,0.9952968841857732,2.0,0.050204081632653,0.0210884353741496,-0.0292517006802721,0,baseline_only,0.5869395922340599,0.8270325203252032,0,,,,,missing_intraday_data
20251015,603391.SH,力聚热能,603391.SH,A,C,0,0,0,1,0,0.872001784651993,0.7095824053452116,0.7347358174246932,0.9626137814228732,0.302967563837129,0.951793062904174,1.0,-0.0688584474885845,-0.0874885844748858,-0.0695890410958904,0,baseline_only,0.5869395922340599,0.8270325203252032,0,,,,,no_tagged_pattern_triggered
20251016,600179.SH,安通控股,600179.SH,A,A,1,0,0,0,0,0.8179675887673374,0.5836135857461023,0.5769022767833001,1.0,0.5384615384615381,0.9324324324324323,1.0,0.0439024390243905,0.1487804878048781,0.1243902439024391,1,ind_le_q55_and_rs20_ge_q30,0.5869395922340599,0.8270325203252032,0,,,,,no_tagged_pattern_triggered
20251017,603988.SH,中电电机,603988.SH,B,C,0,0,0,1,0,0.5572624686111756,0.5608407572383072,0.0354767184035476,0.530330102005079,0.4112967382657123,0.9236192714453584,3.0,-0.0241481971551439,-0.033079722130334,-0.0863380747601719,1,ind_le_q55_and_rs20_ge_q30,0.5869395922340599,0.8270325203252032,0,,,,,no_tagged_pattern_triggered
20251020,600158.SH,中体产业,600158.SH,B,C,0,0,0,1,0,0.6729140966990433,0.7804955456570155,0.2672921962035585,0.7136783547509554,0.3428571428571431,0.660787771898883,3.0,0.0063626723223755,0.0095440084835631,0.0053022269353129,0,baseline_only,0.5869395922340599,0.8270325203252032,0,,,,,tag0_gate_pullback_dd_lt_0.006
20251021,605228.SH,神通科技,605228.SH,B,G,0,0,0,0,1,0.6745572936438025,0.5161859688195991,0.7827794602779731,0.9640673995834386,0.4958677685950414,0.8541176470588235,4.0,0.0057894736842105,-0.0405263157894736,-0.0526315789473684,0,baseline_only,0.5869395922340599,0.8270325203252032,1,pullback_confirm,2025-10-21 11:30:00,18.30225628,"tagged_prod_v1::quality_tag0::pullback_reclaim_support(support=18.209,drawdown=0.704%)::tag0_gate_pass",
20251022,600853.SH,龙建股份,600853.SH,B,C,0,0,0,1,0,0.7844473102951135,0.7479342984409799,0.4851684603320534,0.982227639355306,0.4687499999999985,0.76,3.0,0.0,-0.0257009345794393,-0.0257009345794393,0,baseline_only,0.5869395922340599,0.8270325203252032,1,pullback_confirm,2025-10-22 11:15:00,4.38,"tagged_prod_v1::quality_tag0::pullback_reclaim_support(support=4.287,drawdown=0.680%)::tag0_gate_pass",
20251023,603699.SH,纽威股份,603699.SH,A,A,1,0,0,0,0,0.8257928181277379,0.5835300668151447,0.4287220810123843,0.9736347216747478,0.4165477888730386,0.958259847148736,1.0,-0.0176600441501103,0.0805739514348786,0.1501103752759383,1,ind_le_q55_and_rs20_ge_q30,0.5869395922340599,0.8270325203252032,0,,,,,no_tagged_pattern_triggered
20251024,600237.SH,铜峰电子,600237.SH,B,G,0,0,0,0,1,0.7323213612255772,0.6742483296213808,0.899282083175599,0.9710874918803296,0.4742268041237114,0.6878306878306878,3.0,0.0024906600249068,0.0236612702366127,0.0136986301369863,0,baseline_only,0.5869395922340599,0.8270325203252032,0,,,,,no_tagged_pattern_triggered
20251027,605358.SH,立昂微,605358.SH,B,G,0,0,0,0,1,0.7278414692484325,0.6300946547884186,0.7193026337136985,0.8814083996985016,0.3559042113955407,0.9670588235294116,3.0,0.0579582230067665,0.0638423065607529,0.0556045895851722,0,baseline_only,0.5869395922340599,0.8270325203252032,1,pullback_confirm,2025-10-27 13:35:00,33.95,"tagged_prod_v1::quality_tag0::pullback_reclaim_support(support=33.732,drawdown=1.566%)::tag0_gate_pass",
20251028,000690.SZ,宝新能源,000690.SZ,B,C,0,0,0,1,0,0.747122968822563,0.8153953229398664,0.2830160618679357,0.856446745137686,0.3829787234042542,0.8016480282519128,3.0,-0.006237006237006,0.0124740124740125,-0.0103950103950103,0,baseline_only,0.5869395922340599,0.8270325203252032,0,,,,,no_tagged_pattern_triggered
20251029,603516.SH,淳中科技,603516.SH,B,A,0,0,1,0,0,0.7849171723070067,0.6738307349665924,0.3906562652101022,0.9740517450297016,0.255129650507328,0.8689006466784245,3.0,-0.0491803278688525,-0.0562841530054645,0.0380874316939889,1,ind_le_q55_and_rs20_ge_q30,0.5869395922340599,0.8270325203252032,0,,,,,no_tagged_pattern_triggered
20251030,600382.SH,广东明珠,600382.SH,A,G,0,0,0,0,1,0.7830341787896815,0.5538028953229398,0.45518089881564,0.84850223974212,0.4360000000000001,0.9641387419165196,2.0,-0.0067567567567567,0.0027027027027026,-0.0081081081081081,1,ind_le_q55_and_rs20_ge_q30,0.5869395922340599,0.8270325203252032,0,,,,,missing_intraday_data
20251031,600064.SH,南京高科,600064.SH,B,C,0,0,0,1,0,0.6962545349107794,0.7497216035634744,0.2744713644475691,0.9800992790082848,0.4107142857142848,0.9188712522045857,3.0,-0.0184782608695651,-0.0260869565217389,-0.0217391304347824,1,ind_le_q55_and_rs20_ge_q30,0.5869395922340599,0.8270325203252032,0,,,,,no_tagged_pattern_triggered
20251103,600115.SH,中国东航,600115.SH,A,A,0,0,1,0,0,0.8134111189227193,0.5862026726057906,0.4329809096317127,0.9990828728411976,0.4705882352941172,0.9429747207524986,2.0,-0.0119760479041914,-0.0119760479041914,-0.0099800399201596,1,ind_le_q55_and_rs20_ge_q30,0.5869395922340599,0.8270325203252032,0,,,,,missing_intraday_data
20251104,600470.SH,六国化工,600470.SH,B,A,1,0,0,0,0,0.7390527823921476,0.7614922048997772,0.1441376886052674,0.9204138993898524,0.3272727272727266,0.8564705882352941,3.0,0.0291262135922332,0.1245954692556634,0.0970873786407768,1,ind_le_q55_and_rs20_ge_q30,0.5869395922340599,0.8270325203252032,0,,,,,no_tagged_pattern_triggered
20251105,600108.SH,亚盛集团,600108.SH,B,G,0,0,0,0,1,0.7451569160658921,0.8027060133630288,0.2220877724298307,0.9265740462575168,0.3823529411764717,0.7761764705882352,3.0,-0.0062499999999999,-0.003125,-0.0062499999999999,0,baseline_only,0.5869395922340599,0.8270325203252032,1,pullback_confirm,2025-11-05 14:30:00,3.21,"tagged_prod_v1::quality_tag0::pullback_reclaim_support(support=3.197,drawdown=0.619%)::tag0_gate_pass",
20251106,601226.SH,华电科工,601226.SH,B,A,1,0,0,0,0,0.7351816850065027,0.6810746102449887,0.5914634146341463,0.9660727882394275,0.4396551724137928,0.7934078869923484,3.0,0.0012970168612191,0.1011673151750973,0.08041504539559,0,baseline_only,0.5869395922340599,0.8270325203252032,1,pullback_confirm,2025-11-06 11:30:00,7.91,"tagged_prod_v1::quality_tag0::pullback_reclaim_support(support=7.888,drawdown=0.753%)::tag0_gate_pass",
20251107,600241.SH,时代万恒,600241.SH,A,A,0,0,1,0,0,0.8278702619582948,0.5114420935412026,0.901729219620356,0.9584123281698216,0.5746268656716416,0.8846380223660977,1.0,-0.0064377682403433,0.0010729613733906,-0.0107296137339055,0,baseline_only,0.5869395922340599,0.8270325203252032,0,,,,,missing_intraday_data
20251110,600510.SH,黑牡丹,600510.SH,B,A,1,0,0,0,0,0.7534517994203574,0.6307572383073496,0.5496728138013087,1.0,0.4395604395604391,0.8917647058823529,3.0,0.0655737704918031,0.0437158469945355,0.0918032786885245,1,ind_le_q55_and_rs20_ge_q30,0.5869395922340599,0.8270325203252032,0,,,,,no_tagged_pattern_triggered
20251111,600343.SH,航天动力,600343.SH,B,G,0,0,0,0,1,0.7247225951598865,0.6000501113585746,0.5136485317181332,0.98433480869944,0.5020242914979753,0.7977660199882423,3.0,0.0453709380748008,0.0324954015941141,0.0177805027590436,0,baseline_only,0.5869395922340599,0.8270325203252032,1,pullback_confirm,2025-11-11 13:40:00,16.65,"tagged_prod_v1::quality_tag0::pullback_reclaim_support(support=16.587,drawdown=2.059%)::tag0_gate_pass",
20251112,601968.SH,宝钢包装,601968.SH,B,C,0,0,0,1,0,0.7666873566447548,0.8088390868596881,0.2178695040830674,0.9943568539456552,0.2954545454545452,0.6573529411764706,3.0,-0.0087412587412587,-0.027972027972028,-0.0367132867132866,0,baseline_only,0.5869395922340599,0.8270325203252032,1,pullback_confirm,2025-11-12 14:10:00,5.66590738,"tagged_prod_v1::quality_tag0::pullback_reclaim_support(support=5.653,drawdown=1.552%)::tag0_gate_pass",
20251113,600201.SH,生物股份,600201.SH,B,A,0,1,0,0,0,0.8063103452177672,0.7460968819599109,0.3980855551349305,0.9995133101433278,0.2846441947565542,0.7394117647058823,3.0,0.0127334465195245,0.0212224108658742,0.0263157894736842,0,baseline_only,0.5869395922340599,0.8270325203252032,0,,,,,no_tagged_pattern_triggered
20251114,600157.SH,永泰能源,600157.SH,B,C,0,0,0,1,0,0.799066142653885,0.7959493318485523,0.1305770374776918,0.9936876088490084,0.363636363636363,0.7229411764705882,3.0,0.0056179775280897,-0.0393258426966292,-0.0674157303370787,0,baseline_only,0.5869395922340599,0.8270325203252032,0,,,,,no_tagged_pattern_triggered
20251117,605255.SH,天普股份,605255.SH,A,A,1,0,0,0,0,0.8400210902282457,0.6534521158129175,0.575124384835866,0.9745583408139104,0.2890365448504983,0.9234844025897588,2.0,0.0926192532872636,0.1460792782416737,0.0556675304731739,1,ind_le_q55_and_rs20_ge_q30,0.5869395922340599,0.8270325203252032,0,,,,,no_tagged_pattern_triggered
20251118,601360.SH,三六零,601360.SH,A,C,0,0,0,1,0,0.8465353415174951,0.6007572383073496,0.594856957438754,0.9838066163956888,0.425824175824176,0.9793996468510888,1.0,-0.0194244604316546,-0.0640287769784173,-0.0928057553956834,0,baseline_only,0.5869395922340599,0.8270325203252032,0,,,,,no_tagged_pattern_triggered
20251119,603489.SH,八方股份,603489.SH,A,G,0,0,0,0,1,0.7965055973176141,0.558413140311804,0.3181074576821156,0.9561255754996816,0.4455337690631808,0.969429747207525,2.0,-0.0250555026958453,-0.052965429749445,-0.0393276244846179,1,ind_le_q55_and_rs20_ge_q30,0.5869395922340599,0.8270325203252032,0,,,,,missing_intraday_data
20251120,600734.SH,实达集团,600734.SH,A,A,1,0,0,0,0,0.8470031366610784,0.5578396436525612,0.6104456221945812,0.9663457473925686,0.5135135135135135,0.9535020600353148,1.0,0.0221238938053098,0.1238938053097347,0.2367256637168142,0,baseline_only,0.5869395922340599,0.8270325203252032,0,,,,,no_tagged_pattern_triggered
20251121,000065.SZ,北方国际,000065.SZ,B,A,0,1,0,0,0,0.6854052066284932,0.7426447661469933,0.1059434319398626,0.8002866023673445,0.3736842105263162,0.888235294117647,3.0,0.032,0.016,0.0431999999999999,1,ind_le_q55_and_rs20_ge_q30,0.5869395922340599,0.8270325203252032,1,pullback_confirm,2025-11-21 11:30:00,12.08,"tagged_prod_v1::quality_tag1::pullback_reclaim_support(support=12.000,drawdown=1.065%)",
20251124,600151.SH,航天机电,600151.SH,B,C,0,0,0,1,0,0.7481394496638146,0.63641425389755,0.6632821372559624,0.9825255555928823,0.4545454545454543,0.9252501471453796,3.0,0.0168918918918916,-0.0292792792792794,-0.0484234234234235,0,baseline_only,0.5869395922340599,0.8270325203252032,1,pullback_confirm,2025-11-24 13:05:00,8.9,"tagged_prod_v1::quality_tag0::pullback_reclaim_support(support=8.887,drawdown=1.111%)::tag0_gate_pass",
20251125,600901.SH,江苏金租,600901.SH,B,C,0,0,0,1,0,0.7302800743347011,0.8265673719376391,0.184697961170299,0.9995654673217366,0.2934782608695648,0.8775750441436139,3.0,-0.018348623853211,-0.0198776758409785,-0.0122324159021406,1,ind_le_q55_and_rs20_ge_q30,0.5869395922340599,0.8270325203252032,0,,,,,no_tagged_pattern_triggered
20251126,603778.SH,国晟科技,603778.SH,A,A,1,0,0,0,0,0.8560237412795414,0.5033685968819599,0.5145340976691364,0.975890732415288,0.4475138121546959,0.9994114184814596,1.0,0.0343473994111873,0.1373895976447499,0.251226692836114,1,ind_le_q55_and_rs20_ge_q30,0.5869395922340599,0.8270325203252032,0,,,,,no_tagged_pattern_triggered
20251127,600803.SH,新奥股份,600803.SH,B,G,0,0,0,0,1,0.7053146030344057,0.7284910913140311,0.1114325888269969,0.9846524139812912,0.3926380368098161,0.909358446144791,3.0,-0.0042075736325385,0.0271154745208039,0.0172978027115475,1,ind_le_q55_and_rs20_ge_q30,0.5869395922340599,0.8270325203252032,1,pullback_confirm,2025-11-27 13:40:00,21.31,"tagged_prod_v1::quality_tag1::pullback_reclaim_support(support=21.243,drawdown=0.421%)",
20251128,600678.SH,四川金顶,600678.SH,B,A,0,0,1,0,0,0.6998369138740739,0.6468875278396437,0.5140406143529285,0.8958377074266937,0.3376623376623374,0.9570082449941107,3.0,-0.0287206266318538,0.0113141862489121,-0.0382941688424717,1,ind_le_q55_and_rs20_ge_q30,0.5869395922340599,0.8270325203252032,0,,,,,no_tagged_pattern_triggered
20251201,000886.SZ,海南高速,000886.SZ,B,G,0,0,0,0,1,0.7367577813448193,0.7204426503340757,0.7134281542371965,0.7602202105399758,0.3630136986301371,0.9211997966446364,3.0,0.014341590612777,0.0117340286831812,-0.044328552803129,0,baseline_only,0.5869395922340599,0.8270325203252032,0,,,,,no_tagged_pattern_triggered
20251202,600201.SH,生物股份,600201.SH,A,A,1,0,0,0,0,0.786828869605305,0.5154120267260579,0.3221499648477638,0.9925874421947186,0.5358649789029536,0.9369277721261444,1.0,0.0208835341365463,0.0441767068273093,0.0763052208835342,1,ind_le_q55_and_rs20_ge_q30,0.5869395922340599,0.8270325203252032,0,,,,,missing_intraday_data
20251203,001226.SZ,拓山重工,001226.SZ,B,C,0,0,0,1,0,0.716223610478022,0.6438975501113586,0.4876155967768103,0.9318990097228224,0.3033811949976839,0.923741738688358,4.0,-0.0280979827089337,-0.0273775216138328,-0.0172910662824207,1,ind_le_q55_and_rs20_ge_q30,0.5869395922340599,0.8270325203252032,0,,,,,missing_intraday_data
20251204,600118.SH,中国卫星,600118.SH,B,A,1,0,0,0,0,0.7704392232142441,0.620501113585746,0.3930020009734465,0.9939098395937608,0.4076858813700921,0.8601931875953228,3.0,0.0463504440112627,0.0608620316222654,0.0543643058262941,1,ind_le_q55_and_rs20_ge_q30,0.5869395922340599,0.8270325203252032,0,,,,,no_tagged_pattern_triggered
20251205,603129.SH,春风动力,603129.SH,B,A,0,1,0,0,0,0.7571071262779829,0.6779064587973274,0.0485033259423503,0.9469260013014372,0.3316513182792988,0.8784333672431333,3.0,0.0027703820968554,0.0105778225516297,0.0595812045765273,1,ind_le_q55_and_rs20_ge_q30,0.5869395922340599,0.8270325203252032,0,,,,,no_tagged_pattern_triggered
20251208,603660.SH,苏州科达,603660.SH,B,G,0,0,0,0,1,0.693118596767596,0.5840423162583519,0.4331093504948353,0.8488638131583343,0.449392712550608,0.9251908396946564,3.0,-0.0078277886497064,0.0107632093933462,-0.00293542074364,1,ind_le_q55_and_rs20_ge_q30,0.5869395922340599,0.8270325203252032,1,pullback_confirm,2025-12-08 14:20:00,10.15,"tagged_prod_v1::quality_tag1::pullback_reclaim_support(support=10.136,drawdown=2.404%)",
20251209,600601.SH,方正科技,600601.SH,B,G,0,0,0,0,1,0.7147663184357813,0.6376670378619154,0.8340003244821805,0.8568072504233036,0.391304347826087,0.8606307222787386,3.0,-0.0074196207749382,0.032151690024732,0.0263808738664466,0,baseline_only,0.5869395922340599,0.8270325203252032,1,pullback_confirm,2025-12-09 15:00:00,12.29,"tagged_prod_v1::quality_tag0::pullback_reclaim_support(support=12.274,drawdown=2.460%)::tag0_gate_pass",
20251210,601156.SH,东航物流,601156.SH,B,G,0,0,0,0,1,0.7952154793982364,0.9013307349665924,0.4119504083067438,0.936998434348972,0.2558139534883727,0.6408952187182095,3.0,0.00595947556615,0.0202622169249107,0.0202622169249107,0,baseline_only,0.5869395922340599,0.8270325203252032,0,,,,,no_tagged_pattern_triggered
20251211,600577.SH,精达股份,600577.SH,B,G,0,0,0,0,1,0.6965450454387978,0.6591314031180401,0.7004759071980964,0.7999628513911312,0.4178403755868545,0.8692777212614445,3.0,0.0626702997275203,0.0626702997275203,-0.0435967302452316,0,baseline_only,0.5869395922340599,0.8270325203252032,1,pullback_confirm,2025-12-11 14:05:00,11.12,"tagged_prod_v1::quality_tag0::pullback_reclaim_support(support=11.060,drawdown=2.371%)::tag0_gate_pass",
20251212,000862.SZ,银星能源,000862.SZ,B,C,0,0,0,1,0,0.6584387663764301,0.6226614699331848,0.4169596019685253,0.9222547767295196,0.5652173913043493,0.9064565327910524,3.0,-0.0334394904458599,-0.0429936305732484,-0.0557324840764331,1,ind_le_q55_and_rs20_ge_q30,0.5869395922340599,0.8270325203252032,0,,,,,no_tagged_pattern_triggered
20251215,600113.SH,浙江东日,600113.SH,B,C,0,0,0,1,0,0.8131667105964843,0.6771826280623607,0.2521158942188092,0.9994361212164812,0.3081761006289306,0.9165818921668362,2.0,-0.1068835318036596,-0.0926517571884985,-0.1415916352018588,1,ind_le_q55_and_rs20_ge_q30,0.5869395922340599,0.8270325203252032,0,,,,,no_tagged_pattern_triggered
20251216,000547.SZ,航天发展,000547.SZ,A,C,0,0,0,1,0,0.84779000594884,0.4034855233853006,0.5355510789032503,0.9477169035811902,0.5244233378561737,0.9974567650050864,1.0,-0.0440508628519527,-0.0258855585831062,0.0127157129881925,1,ind_le_q55_and_rs20_ge_q30,0.5869395922340599,0.8270325203252032,0,,,,,missing_intraday_data
20251217,000893.SZ,亚钾国际,000893.SZ,A,C,0,0,0,1,0,0.8790051917148884,0.6966703786191536,0.5992239467849224,0.9903648802568674,0.2416756176154672,0.987792472024415,1.0,-0.0238244514106583,-0.0194357366771159,-0.0183908045977011,0,baseline_only,0.5869395922340599,0.8270325203252032,1,pullback_confirm,2025-12-17 11:15:00,47.85,"tagged_prod_v1::quality_tag0::pullback_reclaim_support(support=47.756,drawdown=0.932%)::tag0_gate_pass",
20251218,600497.SH,驰宏锌锗,600497.SH,B,G,0,0,0,0,1,0.7754221792604767,0.7355902004454342,0.3217173219404035,0.9716145659173904,0.4235294117647049,0.8267276422764228,3.0,0.0271428571428571,0.0285714285714286,0.0271428571428571,0,baseline_only,0.5869395922340599,0.8270325203252032,1,pullback_confirm,2025-12-18 14:20:00,7.02,"tagged_prod_v1::quality_tag0::pullback_reclaim_support(support=7.007,drawdown=2.092%)::tag0_gate_pass",
20251219,001215.SZ,千味央厨,001215.SZ,B,C,0,0,0,1,0,0.7546949754021552,0.603184855233853,0.8988156400411011,0.9502432606465196,0.4134366925064602,0.9720386375190646,3.0,-0.018599033816425,-0.0328502415458936,-0.0628019323671498,0,baseline_only,0.5869395922340599,0.8270325203252032,0,,,,,tag0_gate_disable_range_break
20251222,600711.SH,盛屯矿业,600711.SH,A,A,0,0,1,0,0,0.8766851441241685,0.6314977728285077,0.8298766967714022,0.9610657517899832,0.4051724137931034,0.9450940518556176,1.0,0.030942334739803,0.0218002812939521,0.0028129395218001,0,baseline_only,0.5869395922340599,0.8270325203252032,1,pullback_confirm,2025-12-22 13:10:00,14.13,"tagged_prod_v1::quality_tag0::pullback_reclaim_support(support=14.109,drawdown=1.050%)::tag0_gate_pass",
20251223,000672.SZ,上峰水泥,000672.SZ,B,A,0,1,0,0,0,0.6897258833843025,0.5081570155902004,0.1774647125628684,0.9583266323809216,0.6029411764705886,0.8689690198070086,3.0,0.0376532399299474,0.0481611208406305,0.0481611208406305,1,ind_le_q55_and_rs20_ge_q30,0.5869395922340599,0.8270325203252032,0,,,,,missing_intraday_data
20251224,605598.SH,上海港湾,605598.SH,A,A,1,0,0,0,0,0.8394167004844753,0.4518262806236079,0.6392636958520361,1.0,0.5164021164021168,0.925850685627222,2.0,0.0420875420875421,0.1462962962962963,0.1893939393939394,0,baseline_only,0.5869395922340599,0.8270325203252032,0,,,,,missing_intraday_data
20251225,600329.SH,达仁堂,600329.SH,B,C,0,0,0,1,0,0.7198397118800591,0.7069654788418708,0.3850048672327078,0.9003784591079914,0.4568807339449529,0.669883189436262,3.0,-0.0069052102950407,-0.0315965683197321,-0.0338983050847456,0,baseline_only,0.5869395922340599,0.8270325203252032,1,breakout_confirm,2025-12-25 13:40:00,45.3008726,"tagged_prod_v1::quality_tag0::breakout_v11(path=B,ref=45.168,vol_ratio=2.78,hold=3)::tag0_gate_pass",
20251226,603686.SH,福龙马,603686.SH,B,G,0,0,0,0,1,0.6697716882203254,0.6446770601336301,0.4441485046779514,0.9793984924980688,0.314917127071823,0.6744540375825292,3.0,-0.0429999999999999,0.0526666666666666,-0.0103333333333333,0,baseline_only,0.5869395922340599,0.8270325203252032,0,,,,,no_tagged_pattern_triggered
20251229,002916.SZ,深南电路,002916.SZ,A,A,0,0,1,0,0,0.8840002666100969,,0.7710778216429615,0.9844389283572564,,0.9366015481017324,2.0,-0.0040477204942479,-0.0102684277801448,0.0328930549637835,0,baseline_only,0.5869395922340599,0.8270325203252032,0,,,,,missing_intraday_data
20251230,601100.SH,恒立液压,601100.SH,B,G,0,0,0,0,1,0.7358602185795765,0.757043429844098,0.4962076145151695,0.9992739090958987,0.2421167089525188,0.8290346352247605,3.0,-0.0285487007247657,0.0031818985327911,-0.0215662011666961,1,ind_le_q55_and_rs20_ge_q30,0.5869395922340599,0.8270325203252032,0,,,,,no_tagged_pattern_triggered
20251231,600855.SH,航天长峰,600855.SH,A,A,1,0,0,0,0,0.8699007625331243,0.4891703786191537,0.7628373262668324,0.9238563733710644,0.4743276283618585,0.9524511610762992,2.0,0.0590389016018306,0.1647597254004575,0.2009153318077801,0,baseline_only,0.5869395922340599,0.8270325203252032,0,,,,,missing_intraday_data
20260105,000935.SZ,四川双马,000935.SZ,B,A,1,0,0,0,0,0.7644360697435272,0.7380345211581291,0.2985033259423503,0.9787086400207912,0.2654320987654319,0.8611418047882137,3.0,0.0015624999999999,0.0660156249999999,0.06484375,1,ind_le_q55_and_rs20_ge_q30,0.5869395922340599,0.8270325203252032,1,range_break_confirm,2026-01-05 14:00:00,25.54,"tagged_prod_v1::quality_tag1::range_break_v11(path=B,width=0.950%,vol_ratio=2.52)",
20260106,002501.SZ,利源股份,002501.SZ,A,G,0,0,0,0,1,0.88359661456925,,0.8312895462657508,0.982354807902433,,0.9458563535911604,1.0,-0.0315789473684211,-0.0210526315789474,-0.0526315789473683,0,baseline_only,0.5869395922340599,0.8270325203252032,0,,,,,no_tagged_pattern_triggered
20260107,002284.SZ,亚太股份,002284.SZ,A,A,0,0,1,0,0,0.8698061218971392,,0.7198366773024715,0.9648312913126544,,0.9551800146950772,1.0,-0.0151228733459356,-0.0220541902961562,-0.0214240705734088,0,baseline_only,0.5869395922340599,0.8270325203252032,0,,,,,tag0_gate_disable_range_break
20260108,000863.SZ,三湘印象,000863.SZ,A,C,0,0,0,1,0,0.8649415932075064,0.4559075723830735,0.75625980206587,0.9717638684667694,0.4878048780487806,0.9720793534166056,2.0,0.0141732283464568,-0.0503937007874014,-0.0913385826771653,0,baseline_only,0.5869395922340599,0.8270325203252032,0,,,,,missing_intraday_data
20260109,001216.SZ,华瓷股份,001216.SZ,B,A,0,1,0,0,0,0.7733285676259886,0.8487026726057906,0.4084757449570061,0.8366881492672933,0.2480314960629918,0.6438809261300992,3.0,0.0027932960893854,0.029608938547486,0.111173184357542,0,baseline_only,0.5869395922340599,0.8270325203252032,1,pullback_confirm,2026-01-09 14:10:00,17.85,"tagged_prod_v1::quality_tag0::pullback_reclaim_support(support=17.774,drawdown=1.163%)::tag0_gate_pass",
20260112,000977.SZ,浪潮信息,000977.SZ,B,C,0,0,0,1,0,0.8005616262685613,0.7583073496659243,0.874479476502082,0.9483226782742394,0.3874734607218686,0.7905181918412348,3.0,-0.048650168728909,-0.0220753655793026,-0.0420416197975254,0,baseline_only,0.5869395922340599,0.8270325203252032,0,,,,,no_tagged_pattern_triggered
20260113,000710.SZ,贝瑞基因,000710.SZ,A,C,0,0,0,1,0,0.8292085256180932,0.5110857461024498,0.6998201827916284,0.9643318616515976,0.4793577981651376,0.9326958440603162,2.0,0.0295126973232668,-0.0734385724090597,-0.1235415236787921,0,baseline_only,0.5869395922340599,0.8270325203252032,0,,,,,missing_intraday_data
20260114,000978.SZ,桂林旅游,000978.SZ,B,C,0,0,0,1,0,0.6921421490841252,0.5824916481069042,0.5263100968038505,0.9651297183936028,0.545454545454545,0.71895664952241,3.0,-0.0054421768707483,-0.021768707482993,0.0095238095238094,0,baseline_only,0.5869395922340599,0.8270325203252032,1,pullback_confirm,2026-01-14 14:20:00,7.27,"tagged_prod_v1::quality_tag0::pullback_reclaim_support(support=7.234,drawdown=0.683%)::tag0_gate_pass",
20260115,601156.SH,东航物流,601156.SH,B,G,0,0,0,0,1,0.7055871509619062,0.7999443207126948,0.5185090043805094,0.9969304954029072,0.3359375000000009,0.6270190895741556,3.0,-0.0253968253968251,0.0068783068783069,0.0264550264550265,0,baseline_only,0.5869395922340599,0.8270325203252032,0,,,,,no_tagged_pattern_triggered
20260116,002426.SZ,胜利精密,002426.SZ,A,A,1,0,0,0,0,0.8398582617729634,0.4793986636971046,0.8279771240062733,0.8472224017892984,0.5300000000000002,0.9092912229159016,1.0,0.1004901960784314,0.0416666666666667,0.0563725490196076,0,baseline_only,0.5869395922340599,0.8270325203252032,0,,,,,missing_intraday_data
20260119,000823.SZ,超声电子,000823.SZ,B,G,0,0,0,0,1,0.7500028952928883,0.7512694877505567,0.7315923963009031,0.9284318884062868,0.2499999999999999,0.7141284403669724,3.0,-0.0218281036834925,-0.004774897680764,0.0395634379263301,0,baseline_only,0.5869395922340599,0.8270325203252032,1,pullback_confirm,2026-01-19 13:05:00,14.81,"tagged_prod_v1::quality_tag0::pullback_reclaim_support(support=14.694,drawdown=0.804%)::tag0_gate_pass",
20260120,600577.SH,精达股份,600577.SH,A,C,0,0,0,1,0,0.870790384511384,0.4150167037861915,0.8271997187821102,0.907471498475408,0.5285053929121725,0.9757975797579758,1.0,0.0019582245430809,0.0215404699738903,0.0110966057441252,0,baseline_only,0.5869395922340599,0.8270325203252032,0,,,,,no_tagged_pattern_triggered
20260121,000059.SZ,华锦股份,000059.SZ,B,A,1,0,0,0,0,0.7534577674098898,0.7897661469933184,0.2524133362176194,0.9795742234603716,0.3181818181818185,0.7087307410124725,3.0,0.0232974910394265,0.0896057347670251,0.0913978494623655,0,baseline_only,0.5869395922340599,0.8270325203252032,0,,,,,no_tagged_pattern_triggered
20260122,600888.SH,新疆众和,600888.SH,B,A,0,1,0,0,0,0.6884372294338061,0.633674832962138,0.7092504461629983,0.9585226063403272,0.4575163398692807,0.6982758620689655,3.0,0.0211817168338905,0.0278706800445931,0.0167224080267556,0,baseline_only,0.5869395922340599,0.8270325203252032,0,,,,,tag0_gate_pullback_dd_lt_0.006
20260123,600478.SH,科力远,600478.SH,B,C,0,0,0,1,0,0.7109326933541316,0.7076447661469933,0.9470215239846412,0.8962725538898774,0.4196428571428569,0.6978364503116978,4.0,-0.0103896103896103,-0.0532467532467532,-0.048051948051948,0,baseline_only,0.5869395922340599,0.8270325203252032,0,,,,,tag0_gate_pullback_dd_lt_0.006
20260126,000923.SZ,河钢资源,000923.SZ,B,C,0,0,0,1,0,0.6912894982660694,0.5721881959910913,0.490995619490563,0.9736782632701876,0.4401650618982117,0.9321100917431192,3.0,-0.0248833592534992,0.0038880248833592,0.0272161741835148,1,ind_le_q55_and_rs20_ge_q30,0.5869395922340599,0.8270325203252032,1,pullback_confirm,2026-01-26 11:25:00,26.01,"tagged_prod_v1::quality_tag1::pullback_reclaim_support(support=25.825,drawdown=1.812%)",
20260127,603124.SH,江南新材,603124.SH,B,C,0,0,0,1,0,0.7473798068952026,0.5890200445434298,0.4962414147423071,0.9934926601149552,0.4177170868347338,0.8297872340425532,3.0,0.0111353939015506,0.0299719013424912,0.0311166614632114,1,ind_le_q55_and_rs20_ge_q30,0.5869395922340599,0.8270325203252032,0,,,,,no_tagged_pattern_triggered
20260128,600201.SH,生物股份,600201.SH,B,C,0,0,0,1,0,0.7192302915476776,0.5216146993318486,0.2896814666594559,0.9922218671632714,0.4816955684007706,0.8719266055045871,3.0,-0.0155412647374061,-0.032690246516613,-0.127545551982851,1,ind_le_q55_and_rs20_ge_q30,0.5869395922340599,0.8270325203252032,1,pullback_confirm,2026-01-28 13:15:00,18.79,"tagged_prod_v1::quality_tag1::pullback_reclaim_support(support=18.760,drawdown=1.053%)",
20260129,603162.SH,海通发展,603162.SH,B,G,0,0,0,0,1,0.7445933566007921,0.6016369710467706,0.232139959980531,0.9999999993318092,0.493449781659388,0.8293577981651377,3.0,0.0696378830083566,0.0111420612813371,0.0132311977715877,1,ind_le_q55_and_rs20_ge_q30,0.5869395922340599,0.8270325203252032,0,,,,,no_tagged_pattern_triggered
20260130,603861.SH,白云电器,603861.SH,A,G,0,0,0,0,1,0.8804193932183225,0.4984020044543429,0.5499770158455465,1.0,0.4792792792792792,0.9611009174311926,1.0,0.0,-0.0038293216630197,-0.0246170678336982,1,ind_le_q55_and_rs20_ge_q30,0.5869395922340599,0.8270325203252032,0,,,,,missing_intraday_data
20260202,603291.SH,联合水务,603291.SH,B,C,0,0,0,1,0,0.827022539992236,0.7748496659242761,0.1180979936185171,0.9976010843666164,0.2788844621513942,0.9611151870873074,1.0,-0.0054773082942095,-0.1048513302034428,-0.1048513302034428,1,ind_le_q55_and_rs20_ge_q30,0.5869395922340599,0.8270325203252032,0,,,,,no_tagged_pattern_triggered
20260203,601872.SH,招商轮船,601872.SH,A,A,0,0,1,0,0,0.8313522536719735,0.7078897550111358,0.4613663403818073,0.9943033567801864,0.2887537993920975,0.9402054292002936,2.0,0.0256410256410257,-0.0042735042735041,-0.029059829059829,1,ind_le_q55_and_rs20_ge_q30,0.5869395922340599,0.8270325203252032,1,pullback_confirm,2026-02-03 13:15:00,11.14,"tagged_prod_v1::quality_tag1::pullback_reclaim_support(support=11.070,drawdown=0.447%)",
20260204,601096.SH,宏盛华源,601096.SH,A,C,0,0,0,1,0,0.8627405224163107,0.6465590200445434,0.6121897139148775,0.999999999355143,0.374269005847953,0.9816715542521994,2.0,-0.0621019108280255,-0.071656050955414,-0.054140127388535,0,baseline_only,0.5869395922340599,0.8270325203252032,0,,,,,no_tagged_pattern_triggered
20260205,603345.SH,安井食品,603345.SH,B,G,0,0,0,0,1,0.6510389481431615,0.6093875278396436,0.6970688443026337,0.9701229414773658,0.4996254681647938,0.7360703812316716,3.0,0.0174134871339841,0.03782165039929,-0.0016637089618455,0,baseline_only,0.5869395922340599,0.8270325203252032,0,,,,,no_tagged_pattern_triggered
20260206,002488.SZ,金固股份,002488.SZ,A,C,0,0,0,1,0,0.859494262423897,0.6076391982182628,0.6804594126872533,0.9449980745270262,0.3649373881932022,0.9328932893289328,2.0,0.0074515648286139,-0.0163934426229508,-0.0365126676602086,0,baseline_only,0.5869395922340599,0.8270325203252032,0,,,,,missing_intraday_data
20260209,600261.SH,阳光照明,600261.SH,B,C,0,0,0,1,0,0.7442793685844783,0.8287444320712695,0.7201949597101293,0.982899164850393,0.3409090909090908,0.8360836083608361,3.0,0.0078125,-0.0052083333333333,-0.0078125,0,baseline_only,0.5869395922340599,0.8270325203252032,1,pullback_confirm,2026-02-09 13:40:00,3.81,"tagged_prod_v1::quality_tag0::pullback_reclaim_support(support=3.801,drawdown=1.295%)::tag0_gate_pass",
20260210,603186.SH,华正新材,603186.SH,B,A,0,1,0,0,0,0.7769103620210337,0.637772828507795,0.7554891568871344,0.9769559726401348,0.3422867513611617,0.9725073313782991,3.0,0.0241796200345423,0.0310880829015545,0.0619104556928391,0,baseline_only,0.5869395922340599,0.8270325203252032,0,,,,,no_tagged_pattern_triggered
20260211,002859.SZ,洁美科技,002859.SZ,A,A,0,0,1,0,0,0.8594875885565951,0.6626336302895324,0.6088164512465524,0.9853614561278234,0.3346425765907304,0.9805718475073314,1.0,0.0036585365853658,-0.0017073170731707,0.0780487804878049,0,baseline_only,0.5869395922340599,0.8270325203252032,0,,,,,tag0_gate_disable_range_break
20260212,000539.SZ,粤电力Ａ,000539.SZ,B,G,0,0,0,0,1,0.7286958113940676,0.8296380846325166,0.5649910767400357,0.8311863497490886,0.3392857142857136,0.765115426896299,3.0,-0.0325203252032521,-0.0101626016260162,-0.0040650406504064,0,baseline_only,0.5869395922340599,0.8270325203252032,0,,,,,no_tagged_pattern_triggered
20260213,000338.SZ,潍柴动力,000338.SZ,A,A,1,0,0,0,0,0.8658312151857661,0.4233518930957682,0.6681696501000487,0.9502035424065454,0.5224416517055656,0.9644297763109644,1.0,0.066715542521994,0.0454545454545454,0.0711143695014662,0,baseline_only,0.5869395922340599,0.8270325203252032,0,,,,,missing_intraday_data
20260224,002491.SZ,通鼎互联,002491.SZ,A,C,0,0,0,1,0,0.8718260234708778,0.447761692650334,0.7003136661078362,0.9429785762749686,0.4979591836734693,0.995966263292996,2.0,-0.0638506876227897,0.0294695481335953,0.0402750491159136,0,baseline_only,0.5869395922340599,0.8270325203252032,0,,,,,no_tagged_pattern_triggered
20260225,600929.SH,雪天盐业,600929.SH,B,G,0,0,0,0,1,0.7713593713485727,0.8000668151447661,0.4645030014601697,0.99158527943078,0.3411764705882354,0.8510091743119266,3.0,0.0217391304347824,0.0186335403726707,0.0186335403726707,1,ind_le_q55_and_rs20_ge_q30,0.5869395922340599,0.8270325203252032,0,,,,,no_tagged_pattern_triggered
20260226,000733.SZ,振华科技,000733.SZ,B,C,0,0,0,1,0,0.7236454788616403,0.7275723830734966,0.9461021578065004,0.9109050673262136,0.4310099573257463,0.6286238532110092,3.0,0.0033014769765422,-0.0064291920069504,-0.0872284969591659,0,baseline_only,0.5869395922340599,0.8270325203252032,0,,,,,no_tagged_pattern_triggered
20260227,603028.SH,赛福天,603028.SH,B,C,0,0,0,1,0,0.7663346855300973,0.6766759465478842,0.6370126007246768,0.9833240700254594,0.4473684210526327,0.7717431192660551,3.0,0.0019801980198019,-0.0623762376237623,-0.0742574257425742,0,baseline_only,0.5869395922340599,0.8270325203252032,1,pullback_confirm,2026-02-27 13:40:00,10.48,"tagged_prod_v1::quality_tag0::pullback_reclaim_support(support=10.466,drawdown=2.056%)::tag0_gate_pass",
20260302,000933.SZ,神火股份,000933.SZ,B,A,0,1,0,0,0,0.714762420770079,0.6694153674832961,0.6897477151046455,0.9570909802367354,0.3736128236744757,0.7712922173274597,3.0,-0.0041297935103244,0.0448377581120944,0.0702064896755163,0,baseline_only,0.5869395922340599,0.8270325203252032,1,pullback_confirm,2026-03-02 13:05:00,32.88,"tagged_prod_v1::quality_tag0::pullback_reclaim_support(support=32.643,drawdown=0.725%)::tag0_gate_pass",
20260303,000421.SZ,南京公用,000421.SZ,B,C,0,0,0,1,0,0.7377701151871814,0.747847995545657,0.8931304418365692,0.965627457653965,0.455882352941176,0.7940528634361234,3.0,-0.0686528497409325,-0.0984455958549223,-0.0893782383419689,0,baseline_only,0.5869395922340599,0.8270325203252032,0,,,,,no_tagged_pattern_triggered
20260304,001278.SZ,一彬科技,001278.SZ,B,C,0,0,0,1,0,0.7604113767192651,0.6523106904231625,0.3989914012222161,0.9047088371918636,0.3692307692307693,0.9555800293685756,3.0,-0.067022086824067,-0.0769230769230769,-0.0963442498095963,1,ind_le_q55_and_rs20_ge_q30,0.5869395922340599,0.8270325203252032,0,,,,,no_tagged_pattern_triggered
20260305,000591.SZ,太阳能,000591.SZ,B,A,0,1,0,0,0,0.7435244051961916,0.7068875278396436,0.6492347628576064,0.9465155929816356,0.3511450381679388,0.8414096916299559,3.0,0.0162601626016258,0.0406504065040649,0.0227642276422763,0,baseline_only,0.5869395922340599,0.8270325203252032,0,,,,,no_tagged_pattern_triggered
20260306,605167.SH,利柏特,605167.SH,B,C,0,0,0,1,0,0.6987451956937979,0.6006291759465479,0.6904507598291061,0.9644434599733824,0.4534005037783378,0.7389867841409692,5.0,-0.0456026058631923,-0.0249728555917481,-0.0298588490770901,0,baseline_only,0.5869395922340599,0.8270325203252032,0,,,,,missing_intraday_data
20260309,603105.SH,芯能科技,603105.SH,B,G,0,0,0,0,1,0.6927985161772224,0.650370267260579,0.8791912281650534,0.9152597270454482,0.4788732394366195,0.7895122845617895,3.0,-0.0009372071227741,0.0262417994376755,0.021555763823805,0,baseline_only,0.5869395922340599,0.8270325203252032,0,,,,,no_tagged_pattern_triggered
20260310,002169.SZ,智光电气,002169.SZ,A,C,0,0,0,1,0,0.8783751632168577,0.588001113585746,0.9758328375966686,0.9744594930483584,0.4055555555555555,0.90975788701394,1.0,-0.0233128834355829,-0.0214723926380369,-0.047239263803681,0,baseline_only,0.5869395922340599,0.8270325203252032,0,,,,,no_tagged_pattern_triggered
20260311,000688.SZ,国城矿业,000688.SZ,B,C,0,0,0,1,0,0.6616023677143482,0.5650055679287305,0.1901195176031583,0.8883173133296486,0.413843888070692,0.9424486803519062,3.0,0.0152112676056337,0.0253521126760563,0.0149295774647888,1,ind_le_q55_and_rs20_ge_q30,0.5869395922340599,0.8270325203252032,1,pullback_confirm,2026-03-11 13:45:00,35.66,"tagged_prod_v1::quality_tag1::pullback_reclaim_support(support=35.581,drawdown=1.410%)",
20260312,600796.SH,钱江生化,600796.SH,B,C,0,0,0,1,0,0.7520409198223665,0.7100612472160356,0.4394435130604077,0.9027038446405514,0.4347826086956526,0.751466275659824,3.0,-0.0042372881355932,-0.0254237288135592,-0.0127118644067796,0,baseline_only,0.5869395922340599,0.8270325203252032,1,pullback_confirm,2026-03-12 14:35:00,7.05,"tagged_prod_v1::quality_tag0::pullback_reclaim_support(support=7.039,drawdown=0.844%)::tag0_gate_pass",
20260313,600096.SH,云天化,600096.SH,B,C,0,0,0,1,0,0.6532184298859813,0.5118318485523384,0.7342355740630577,0.8233442711865924,0.4969217238346526,0.938782991202346,3.0,-0.0663148233134465,-0.101193207893529,-0.1115190454336851,0,baseline_only,0.5869395922340599,0.8270325203252032,0,,,,,no_tagged_pattern_triggered
20260316,603929.SH,亚翔集成,603929.SH,B,A,1,0,0,0,0,0.6906346403568354,0.5182906458797327,0.2853009572224325,0.9346631843969204,0.4961832061068701,0.8915353609380725,3.0,0.0531520395550062,0.1241038318912235,0.0846724351050678,1,ind_le_q55_and_rs20_ge_q30,0.5869395922340599,0.8270325203252032,0,,,,,no_tagged_pattern_triggered
20260317,601009.SH,南京银行,601009.SH,B,C,0,0,0,1,0,0.5669895774872903,0.6083658129175946,0.2795211183819155,0.8079673461291921,0.5396825396825395,0.743956043956044,4.0,-0.0008673026886383,-0.0052038161318298,-0.0138768430182133,0,baseline_only,0.5869395922340599,0.8270325203252032,0,,,,,no_tagged_pattern_triggered
20260318,000729.SZ,燕京啤酒,000729.SZ,B,C,0,0,0,1,0,0.7093041527917613,0.8071993318485523,0.1351265480504029,0.9002267639471802,0.3522012578616344,0.7051282051282052,3.0,-0.0115384615384616,-0.0169230769230769,-0.0646153846153846,0,baseline_only,0.5869395922340599,0.8270325203252032,0,,,,,tag0_gate_disable_range_break
20260319,601088.SH,中国神华,601088.SH,A,C,0,0,0,1,0,0.8508411500790565,0.5377115812917594,0.4656724893191282,0.9987319435255608,0.5058365758754862,0.939538292414804,1.0,0.0193375848590824,0.0183089899197697,-0.0026743468422135,1,ind_le_q55_and_rs20_ge_q30,0.5869395922340599,0.8270325203252032,1,range_break_confirm,2026-03-19 13:05:00,49.25,"tagged_prod_v1::quality_tag1::range_break_v11(path=A,width=0.927%,vol_ratio=3.18)",
20260320,601898.SH,中煤能源,601898.SH,A,C,0,0,0,1,0,0.7833992212427668,0.5064476614699331,0.252514736899032,0.9661940782349424,0.4612188365650967,0.976181751557347,1.0,-0.0273828330700368,-0.0352817272248551,-0.0821484992101104,1,ind_le_q55_and_rs20_ge_q30,0.5869395922340599,0.8270325203252032,0,,,,,missing_intraday_data
20260323,601908.SH,京运通,601908.SH,A,A,1,0,0,0,0,0.8700602996052135,0.5508351893095768,0.5619017359796658,0.9760319576907812,0.5636363636363643,0.95018315018315,1.0,0.0392609699769053,0.0554272517321017,0.161662817551963,1,ind_le_q55_and_rs20_ge_q30,0.5869395922340599,0.8270325203252032,1,pullback_confirm,2026-03-23 14:55:00,4.33,"tagged_prod_v1::quality_tag1::pullback_reclaim_support(support=4.300,drawdown=2.257%)",
20260324,000883.SZ,湖北能源,000883.SZ,A,G,0,0,0,0,1,0.853697878687196,0.5717371937639197,0.8157414417824888,0.918569711434122,0.5593220338983054,0.9289116892634663,2.0,0.0415841584158416,0.0495049504950495,0.0336633663366336,0,baseline_only,0.5869395922340599,0.8270325203252032,0,,,,,missing_intraday_data
20260325,003816.SZ,中国广核,003816.SZ,A,G,0,0,0,0,1,0.877225947758369,0.5490478841870824,0.8623113947325726,0.9513785147820026,0.5593220338983049,0.9483327226090142,2.0,0.0290827740492169,0.040268456375839,0.0290827740492169,0,baseline_only,0.5869395922340599,0.8270325203252032,0,,,,,missing_intraday_data
20260326,002655.SZ,共达电声,002655.SZ,B,A,0,0,1,0,0,0.6805798144149168,0.6218708240534521,0.4023646638905413,0.7334779253037084,0.3698175787728027,0.942060872753942,3.0,0.0085665334094802,-0.0005711022272987,0.0336950314106225,1,ind_le_q55_and_rs20_ge_q30,0.5869395922340599,0.8270325203252032,1,pullback_confirm,2026-03-26 13:05:00,17.57,"tagged_prod_v1::quality_tag1::pullback_reclaim_support(support=17.540,drawdown=0.958%)",
20260327,000890.SZ,法尔胜,000890.SZ,B,A,1,0,0,0,0,0.6843081413207627,0.529259465478842,0.5799375371802499,0.8391051991191574,0.4230343300110742,0.998898678414097,3.0,0.0630824372759857,0.1060931899641577,0.0967741935483872,1,ind_le_q55_and_rs20_ge_q30,0.5869395922340599,0.8270325203252032,0,,,,,no_tagged_pattern_triggered
20260330,001207.SZ,联科科技,001207.SZ,B,C,0,0,0,1,0,0.6344030792223976,0.5718763919821827,0.8729517062354659,0.8958564347152754,0.4448398576512455,0.9662137348512668,4.0,-0.0584312480152429,-0.0311209907907271,-0.0441409971419497,0,baseline_only,0.5869395922340599,0.8270325203252032,0,,,,,missing_intraday_data
20260331,600015.SH,华夏银行,600015.SH,B,N,0,0,0,0,0,0.641607527291939,0.6716926503340757,0.2842734303174518,0.7111957514404971,0.5,0.9029768467475192,3.0,0.0027173913043476,0.0176630434782607,0.0054347826086955,1,ind_le_q55_and_rs20_ge_q30,0.5869395922340599,0.8270325203252032,0,,,,,missing_intraday_data
20260401,002382.SZ,蓝帆医疗,002382.SZ,B,N,0,0,0,0,0,0.7614112575854652,0.5886024498886414,0.769786652966308,0.9823280720294648,0.4074074074074073,0.9856722997795738,3.0,-0.0318772136953956,-0.0436835891381347,-0.064935064935065,0,baseline_only,0.5869395922340599,0.8270325203252032,0,,,,,missing_intraday_data
20260402,603588.SH,高能环境,603588.SH,B,N,0,0,0,0,0,0.6776088560602771,0.4953730512249442,0.2755259315342599,0.8971934964814746,0.4670947030497592,0.967670830271859,3.0,0.0006451612903226,0.1161290322580645,,1,ind_le_q55_and_rs20_ge_q30,0.5869395922340599,0.8270325203252032,0,,,,,missing_intraday_data
20260403,603966.SH,法兰泰克,603966.SH,A,N,0,0,0,0,0,0.8424117138067169,0.4737138084632516,0.5022308149910768,0.9496290960781956,0.5197889182058051,0.9445260837619398,1.0,0.0065549890750182,,,1,ind_le_q55_and_rs20_ge_q30,0.5869395922340599,0.8270325203252032,0,,,,,missing_intraday_data
20260408,002733.SZ,雄韬股份,002733.SZ,B,N,0,0,0,0,0,0.7633261268140551,0.6384688195991091,0.7954410253636904,0.971,0.3398058252427185,0.962215700660308,3.0,,,,0,baseline_only,0.5869395922340599,0.8270325203252032,0,,,,,missing_intraday_data
