feature,missed_A_median,selected_C_median,selected_C_minus_missed_A,factor_type_judgement,suggested_action
f_strength_ret60,0.09262219969194174,0.490412272291467,0.39779007259952526,pseudo_strength_factor,downgrade_or_remove
f_strength_rs60_xsec_q,0.6444557477110885,0.9339430894308943,0.28948734171980584,pseudo_strength_factor,downgrade_or_remove
f_strength_vs_index20,0.04885213158053325,0.3034789493197408,0.25462681773920753,pseudo_strength_factor,downgrade_or_remove
f_strength_rs20_xsec_q,0.7186465612357484,0.9658781284227009,0.2472315671869525,pseudo_strength_factor,downgrade_or_remove
f_trend_close_ma60_gap,0.06877500476281218,0.31185903336840837,0.2430840286055962,pseudo_strength_factor,downgrade_or_remove
f_strength_ret20,0.07320644216691075,0.30431929075190844,0.2311128485849977,pseudo_strength_factor,downgrade_or_remove
f_trend_close_ma20_gap,0.042462017919750794,0.15456452767143447,0.11210250975168368,pseudo_strength_factor,downgrade_or_remove
f_trend_ma20_ma60_gap,0.020437121436740258,0.12040771766421754,0.09997059622747728,pseudo_strength_factor,downgrade_or_remove
f_trend_ma20_slope5,0.010822273599769838,0.06055538684292616,0.049733113243156324,pseudo_strength_factor,downgrade_or_remove
