ts_code,rec8,score,buy_td,buy_p,sell_td,sell_p,net_pct,month,bin
603949.SH,20260319,97.8,20260320,23.39,20260327,17.62,-24.8287,2026-03,高
603817.SH,20260319,97.6,20260320,9.07,20260327,7.89,-13.1699,2026-03,高
000890.SZ,20260319,97.1,20260320,13.5,20260327,13.48,-0.3081,2026-03,高
000020.SZ,20260319,95.0,20260320,23.33,20260327,16.79,-28.1926,2026-03,高
600396.SH,20260319,95.0,20260320,6.1,20260327,8.99,47.217,2026-03,高
000020.SZ,20260320,97.5,20260323,25.66,20260327,16.79,-34.7274,2026-03,高
600396.SH,20260320,97.5,20260323,6.65,20260327,8.99,35.028,2026-03,高
002730.SZ,20260320,97.5,20260323,22.0,20260327,24.42,10.84,2026-03,高
000601.SZ,20260320,95.0,20260323,8.12,20260327,7.8,-4.1009,2026-03,高
600726.SH,20260320,95.0,20260323,5.31,20260327,6.68,25.6404,2026-03,高
603105.SH,20260323,98.0,20260324,12.62,20260327,12.48,-1.2694,2026-03,高
600396.SH,20260323,97.5,20260324,6.9,20260327,8.99,30.1299,2026-03,高
603687.SH,20260323,97.5,20260324,15.0,20260327,15.63,4.04,2026-03,高
600310.SH,20260323,96.7,20260324,4.92,20260327,6.6,33.9863,2026-03,高
600032.SH,20260323,95.5,20260324,10.84,20260327,11.71,7.8658,2026-03,高
600982.SH,20260324,98.0,20260325,6.3,20260327,7.35,16.5067,2026-03,高
600396.SH,20260324,97.5,20260325,8.01,20260327,8.99,12.0747,2026-03,高
000862.SZ,20260324,97.2,20260325,8.78,20260327,7.93,-9.8411,2026-03,高
600310.SH,20260324,97.2,20260325,5.02,20260327,6.6,31.3141,2026-03,高
603105.SH,20260324,96.9,20260325,12.85,20260327,12.48,-3.0394,2026-03,高
600798.SH,20260303,98.0,20260304,4.63,20260311,3.95,-14.8468,2026-03,高
002980.SZ,20260303,98.0,20260304,34.98,20260311,37.75,7.7588,2026-03,高
600026.SH,20260303,97.5,20260304,24.99,20260311,22.76,-9.0836,2026-03,高
601872.SH,20260303,97.5,20260304,18.8,20260311,16.3,-13.4579,2026-03,高
603393.SH,20260303,97.3,20260304,40.59,20260311,40.05,-1.4904,2026-03,高
600759.SH,20260303,97.2,20260304,8.26,20260311,7.56,-8.6346,2026-03,高
002843.SZ,20260303,97.1,20260304,28.87,20260311,26.42,-8.6463,2026-03,高
600673.SH,20260303,96.9,20260309,35.0,20260316,34.98,-0.2171,2026-03,高
600744.SH,20260303,96.9,20260304,7.66,20260311,9.39,22.4249,2026-03,高
603663.SH,20260303,96.9,20260304,52.66,20260311,52.29,-0.8626,2026-03,高
002001.SZ,20260303,96.7,20260304,33.11,20260311,38.67,16.6325,2026-03,高
000988.SZ,20260303,96.6,20260304,93.85,20260311,134.88,43.5587,2026-03,高
600299.SH,20260303,96.5,20260304,11.75,20260311,14.61,24.1804,2026-03,高
603121.SH,20260303,96.4,20260309,23.13,20260316,19.34,-16.5456,2026-03,高
600803.SH,20260303,95.5,20260304,24.55,20260311,21.29,-13.439,2026-03,高
002040.SZ,20260303,95.5,20260304,12.2,20260311,11.1,-9.1764,2026-03,高
002911.SZ,20260303,95.5,20260304,17.77,20260311,15.17,-14.7914,2026-03,高
600188.SH,20260303,95.1,20260304,19.59,20260311,20.15,2.6986,2026-03,高
000554.SZ,20260303,95.0,20260304,11.93,20260311,9.72,-18.6847,2026-03,高
000968.SZ,20260303,95.0,20260304,10.58,20260311,9.61,-9.3282,2026-03,高
600236.SH,20260304,98.0,20260305,11.08,20260312,10.75,-3.1383,2026-03,高
603318.SH,20260304,97.5,20260305,10.09,20260312,8.88,-12.1521,2026-03,高
002491.SZ,20260304,97.4,20260305,12.8,20260312,11.41,-11.0194,2026-03,高
600759.SH,20260304,97.2,20260305,8.24,20260312,7.39,-10.4755,2026-03,高
603618.SH,20260304,97.2,20260305,21.3,20260312,20.23,-5.1835,2026-03,高
000988.SZ,20260304,97.1,20260305,105.0,20260312,127.9,21.6495,2026-03,高
600673.SH,20260304,96.9,20260309,35.0,20260316,34.98,-0.2171,2026-03,高
603663.SH,20260304,96.4,20260305,54.5,20260312,50.65,-7.2242,2026-03,高
603121.SH,20260304,96.4,20260309,23.13,20260316,19.34,-16.5456,2026-03,高
605366.SH,20260304,95.2,20260305,10.46,20260312,10.5,0.2224,2026-03,高
600108.SH,20260304,95.0,20260305,5.66,20260312,6.96,22.8082,2026-03,高
002384.SZ,20260304,94.9,20260305,97.85,20260312,109.3,11.5416,2026-03,高
600871.SH,20260304,94.8,20260305,4.16,20260312,3.42,-17.9485,2026-03,高
002207.SZ,20260304,94.8,20260305,13.53,20260312,11.61,-14.3507,2026-03,高
002490.SZ,20260304,94.8,20260305,11.89,20260312,11.72,-1.5898,2026-03,高
601975.SH,20260304,94.7,20260305,5.22,20260312,4.54,-13.1868,2026-03,高
600549.SH,20260304,94.6,20260305,80.96,20260312,68.13,-16.0073,2026-03,高
605117.SH,20260304,94.6,20260305,124.0,20260312,135.99,9.5094,2026-03,高
600714.SH,20260304,94.5,20260305,22.2,20260312,23.79,7.0022,2026-03,高
600722.SH,20260304,94.4,20260305,11.1,20260312,15.4,38.5787,2026-03,高
600714.SH,20260305,97.5,20260306,23.68,20260313,24.85,4.7809,2026-03,高
000988.SZ,20260305,97.2,20260306,106.75,20260313,118.69,11.025,2026-03,高
603618.SH,20260305,97.2,20260306,21.0,20260313,18.98,-9.779,2026-03,高
600759.SH,20260305,97.1,20260306,7.88,20260313,7.02,-11.0737,2026-03,高
600236.SH,20260305,96.9,20260306,10.86,20260313,9.84,-9.5523,2026-03,高
600673.SH,20260305,96.9,20260309,35.0,20260316,34.98,-0.2171,2026-03,高
002490.SZ,20260305,96.8,20260306,12.81,20260313,11.2,-12.7283,2026-03,高
603121.SH,20260305,96.4,20260309,23.13,20260316,19.34,-16.5456,2026-03,高
600025.SH,20260305,95.2,20260306,10.09,20260313,10.49,3.8043,2026-03,高
002135.SZ,20260305,94.5,20260306,6.95,20260313,7.33,5.3076,2026-03,高
600318.SH,20260305,94.4,20260306,9.82,20260313,8.7,-11.5653,2026-03,高
603093.SH,20260305,94.4,20260306,21.78,20260313,21.24,-2.6393,2026-03,高
002531.SZ,20260305,94.2,20260306,10.4,20260313,12.42,19.2631,2026-03,高
001339.SZ,20260305,94.2,20260306,65.58,20260313,73.24,11.5204,2026-03,高
002350.SZ,20260305,94.1,20260306,13.8,20260313,13.83,0.0574,2026-03,高
600722.SH,20260305,94.0,20260306,11.54,20260313,16.94,46.6338,2026-03,高
000993.SZ,20260305,93.8,20260306,14.38,20260313,14.15,-1.7594,2026-03,高
000852.SZ,20260305,93.2,20260306,8.99,20260313,8.01,-11.061,2026-03,高
605298.SH,20260305,93.0,20260306,49.46,20260313,48.96,-1.1709,2026-03,高
600545.SH,20260305,92.5,20260306,4.0,20260313,3.83,-4.41,2026-03,高
000988.SZ,20260306,97.6,20260309,112.0,20260316,117.21,4.4918,2026-03,高
002490.SZ,20260306,97.3,20260309,14.52,20260316,11.33,-22.1297,2026-03,高
600722.SH,20260306,97.2,20260309,14.88,20260316,18.4,23.4959,2026-03,高
600714.SH,20260306,97.0,20260309,24.9,20260316,25.3,1.4464,2026-03,高
600673.SH,20260306,96.9,20260309,35.0,20260316,34.98,-0.2171,2026-03,高
603093.SH,20260306,96.8,20260309,21.82,20260316,20.49,-6.2553,2026-03,高
603121.SH,20260306,96.4,20260309,23.13,20260316,19.34,-16.5456,2026-03,高
605298.SH,20260306,96.3,20260309,50.91,20260316,48.13,-5.6206,2026-03,高
001696.SZ,20260306,95.5,20260309,25.4,20260316,22.16,-12.9159,2026-03,高
601567.SH,20260306,95.5,20260309,30.58,20260316,30.49,-0.4543,2026-03,高
002452.SZ,20260306,95.4,20260309,11.4,20260316,12.2,6.8575,2026-03,高
000791.SZ,20260306,95.2,20260309,8.62,20260316,8.07,-6.5405,2026-03,高
000533.SZ,20260306,95.0,20260309,15.76,20260316,18.66,18.241,2026-03,高
001896.SZ,20260306,95.0,20260309,15.0,20260316,13.9,-7.4933,2026-03,高
600216.SH,20260306,95.0,20260309,18.35,20260316,17.14,-6.754,2026-03,高
600545.SH,20260306,95.0,20260309,3.88,20260316,4.21,8.3452,2026-03,高
600482.SH,20260306,95.0,20260309,38.47,20260316,32.38,-15.9905,2026-03,高
002478.SZ,20260306,95.0,20260309,13.4,20260316,11.55,-13.966,2026-03,高
603269.SH,20260306,95.0,20260309,16.09,20260316,15.68,-2.7082,2026-03,高
002885.SZ,20260306,95.0,20260309,31.6,20260316,29.33,-7.3435,2026-03,高
001339.SZ,20260309,98.0,20260310,77.0,20260317,68.52,-11.173,2026-03,高
000988.SZ,20260309,97.6,20260310,119.49,20260317,111.12,-7.1648,2026-03,高
600673.SH,20260309,97.1,20260310,40.5,20260317,34.0,-16.2094,2026-03,高
605298.SH,20260309,97.1,20260310,53.0,20260317,46.41,-12.594,2026-03,高
002531.SZ,20260309,97.0,20260310,10.58,20260317,11.79,11.2767,2026-03,高
002490.SZ,20260309,96.3,20260310,11.92,20260317,11.83,-0.915,2026-03,高
000601.SZ,20260309,95.5,20260310,6.6,20260317,6.12,-7.4327,2026-03,高
600268.SH,20260309,95.5,20260310,16.97,20260317,14.47,-14.8919,2026-03,高
002300.SZ,20260309,95.5,20260310,11.58,20260317,10.06,-13.2861,2026-03,高
001258.SZ,20260309,95.5,20260310,9.97,20260317,9.62,-3.6705,2026-03,高
603588.SH,20260309,95.3,20260310,14.17,20260317,14.8,4.286,2026-03,高
002986.SZ,20260309,95.3,20260310,16.54,20260317,15.31,-7.5965,2026-03,高
600299.SH,20260309,95.2,20260310,13.74,20260317,14.29,3.8429,2026-03,高
001896.SZ,20260309,95.0,20260310,15.96,20260317,13.9,-13.0673,2026-03,高
603226.SH,20260309,95.0,20260310,35.41,20260317,42.2,19.0154,2026-03,高
605268.SH,20260309,95.0,20260310,16.86,20260317,12.52,-25.9014,2026-03,高
000534.SZ,20260309,94.8,20260310,47.0,20260317,39.73,-15.6281,2026-03,高
002380.SZ,20260309,94.8,20260310,40.5,20260317,35.76,-11.8637,2026-03,高
000893.SZ,20260309,94.6,20260310,63.8,20260317,60.16,-5.8653,2026-03,高
002638.SZ,20260309,94.6,20260310,3.65,20260317,4.1,12.1688,2026-03,高
000537.SZ,20260310,98.0,20260311,11.05,20260318,11.49,3.8219,2026-03,高
000988.SZ,20260310,97.9,20260311,122.99,20260318,114.78,-6.8353,2026-03,高
603588.SH,20260310,97.9,20260311,14.52,20260318,14.69,1.0108,2026-03,高
002638.SZ,20260310,97.6,20260311,3.76,20260318,4.23,12.34,2026-03,高
601778.SH,20260310,97.5,20260311,5.78,20260318,5.32,-8.1185,2026-03,高
605268.SH,20260310,97.5,20260311,18.55,20260318,12.67,-31.8581,2026-03,高
601877.SH,20260310,97.3,20260311,40.1,20260318,35.52,-11.5814,2026-03,高
603226.SH,20260310,97.3,20260311,37.0,20260318,40.87,10.2995,2026-03,高
002531.SZ,20260310,97.2,20260311,10.96,20260318,11.62,5.8619,2026-03,高
002380.SZ,20260310,97.1,20260311,41.92,20260318,36.67,-12.6839,2026-03,高
601567.SH,20260310,97.1,20260311,32.68,20260318,29.17,-10.9005,2026-03,高
002631.SZ,20260310,97.0,20260311,6.89,20260318,7.4,7.242,2026-03,高
001339.SZ,20260310,97.0,20260311,77.82,20260318,70.5,-9.5663,2026-03,高
605298.SH,20260310,96.9,20260311,52.82,20260318,46.88,-11.4057,2026-03,高
601868.SH,20260310,96.6,20260311,3.15,20260318,3.38,7.1416,2026-03,高
001258.SZ,20260310,95.9,20260311,9.43,20260318,9.32,-1.3265,2026-03,高
600726.SH,20260310,95.5,20260311,3.24,20260318,4.56,40.5807,2026-03,高
002756.SZ,20260310,95.4,20260311,70.0,20260318,63.49,-9.46,2026-03,高
603991.SH,20260310,95.3,20260311,105.5,20260318,108.5,2.6836,2026-03,高
000967.SZ,20260310,95.1,20260311,8.82,20260318,8.76,-0.8403,2026-03,高
000537.SZ,20260311,98.0,20260312,12.4,20260319,11.63,-6.3697,2026-03,高
600726.SH,20260311,98.0,20260312,3.63,20260319,5.02,38.132,2026-03,高
601016.SH,20260311,98.0,20260312,4.23,20260319,4.57,7.8778,2026-03,高
601868.SH,20260311,98.0,20260312,3.52,20260319,3.36,-4.7055,2026-03,高
002756.SZ,20260311,97.9,20260312,73.45,20260319,58.22,-20.8952,2026-03,高
000988.SZ,20260311,97.8,20260312,133.74,20260319,119.99,-10.4411,2026-03,高
002631.SZ,20260311,97.6,20260312,7.46,20260319,7.01,-6.1922,2026-03,高
603226.SH,20260311,97.6,20260312,37.86,20260319,39.5,4.1717,2026-03,高
601789.SH,20260311,97.5,20260312,7.3,20260319,6.49,-11.2559,2026-03,高
002638.SZ,20260311,97.5,20260312,4.1,20260319,3.97,-3.3307,2026-03,高
603588.SH,20260311,97.4,20260312,15.11,20260319,14.12,-6.712,2026-03,高
603991.SH,20260311,97.2,20260312,108.25,20260319,105.87,-2.3586,2026-03,高
001309.SZ,20260311,97.2,20260312,299.92,20260319,345.0,14.8707,2026-03,高
000967.SZ,20260311,97.1,20260312,9.67,20260319,8.69,-10.2944,2026-03,高
001267.SZ,20260311,97.1,20260312,47.99,20260319,40.77,-15.2048,2026-03,高
601877.SH,20260311,97.0,20260312,41.35,20260319,34.28,-17.2579,2026-03,高
605298.SH,20260311,96.9,20260312,52.01,20260319,45.93,-11.8501,2026-03,高
001258.SZ,20260311,96.9,20260312,10.04,20260319,10.25,1.9316,2026-03,高
002531.SZ,20260311,96.8,20260312,11.0,20260319,11.2,1.6582,2026-03,高
000533.SZ,20260311,96.6,20260312,17.31,20260319,18.58,7.1768,2026-03,高
000537.SZ,20260312,98.0,20260313,13.76,20260320,11.1,-19.4914,2026-03,高
600726.SH,20260312,98.0,20260313,4.2,20260320,5.52,31.2686,2026-03,高
601016.SH,20260312,98.0,20260313,4.61,20260320,4.45,-3.6307,2026-03,高
603588.SH,20260312,98.0,20260313,16.0,20260320,13.96,-12.91,2026-03,高
601868.SH,20260312,98.0,20260313,3.8,20260320,3.17,-16.7389,2026-03,高
002056.SZ,20260312,97.8,20260313,23.79,20260320,22.26,-6.5913,2026-03,高
002631.SZ,20260312,97.6,20260313,7.71,20260320,6.79,-12.0926,2026-03,高
002638.SZ,20260312,97.6,20260313,4.16,20260320,3.77,-9.535,2026-03,高
600821.SH,20260312,97.5,20260313,10.9,20260320,10.71,-1.9031,2026-03,高
000533.SZ,20260312,97.3,20260313,18.05,20260320,16.75,-7.3622,2026-03,高
605298.SH,20260312,97.1,20260313,52.8,20260320,44.75,-15.4062,2026-03,高
600131.SH,20260312,97.0,20260313,23.45,20260320,20.53,-12.612,2026-03,高
002667.SZ,20260312,97.0,20260313,32.76,20260320,28.12,-14.3236,2026-03,高
603778.SH,20260312,97.0,20260313,21.6,20260320,24.21,11.9233,2026-03,高
601789.SH,20260312,96.5,20260313,7.35,20260320,5.92,-19.6158,2026-03,高
600628.SH,20260312,95.5,20260313,9.05,20260320,7.48,-17.5081,2026-03,高
600310.SH,20260312,95.1,20260313,4.55,20260320,4.88,7.0927,2026-03,高
002445.SZ,20260312,95.0,20260313,4.49,20260320,3.92,-12.8549,2026-03,高
603077.SH,20260312,95.0,20260313,3.33,20260320,2.77,-16.9768,2026-03,高
002432.SZ,20260312,94.9,20260313,58.63,20260320,62.36,6.2019,2026-03,高
002056.SZ,20260313,98.0,20260316,25.3,20260323,21.6,-14.7845,2026-03,高
002531.SZ,20260313,98.0,20260316,12.8,20260323,10.95,-14.6131,2026-03,高
601218.SH,20260313,98.0,20260316,6.94,20260323,7.19,3.4423,2026-03,高
603248.SH,20260313,98.0,20260316,28.88,20260323,27.37,-5.3885,2026-03,高
002015.SZ,20260313,97.7,20260316,22.24,20260323,19.0,-14.7283,2026-03,高
600683.SH,20260313,97.5,20260316,9.58,20260323,10.54,9.8609,2026-03,高
600726.SH,20260313,97.5,20260316,4.3,20260323,5.32,23.5609,2026-03,高
002445.SZ,20260313,97.5,20260316,4.72,20260323,3.71,-21.5583,2026-03,高
002631.SZ,20260313,97.1,20260316,7.9,20260323,6.26,-20.9195,2026-03,高
000973.SZ,20260313,97.0,20260316,16.77,20260323,16.4,-2.3663,2026-03,高
002382.SZ,20260313,95.5,20260316,7.48,20260323,7.55,0.7758,2026-03,高
601669.SH,20260313,95.5,20260316,7.1,20260323,5.81,-18.329,2026-03,高
000890.SZ,20260313,95.0,20260316,11.12,20260323,13.15,18.0954,2026-03,高
600691.SH,20260313,95.0,20260316,4.8,20260323,3.52,-26.8267,2026-03,高
603803.SH,20260313,95.0,20260316,12.76,20260323,14.61,14.3384,2026-03,高
000893.SZ,20260313,94.8,20260316,69.1,20260323,58.32,-15.7606,2026-03,高
600722.SH,20260313,94.8,20260316,16.94,20260323,16.33,-3.7609,2026-03,高
002150.SZ,20260313,94.4,20260316,33.86,20260323,38.37,13.1596,2026-03,高
601117.SH,20260313,94.4,20260316,10.13,20260323,8.64,-14.8688,2026-03,高
600844.SH,20260313,94.3,20260316,4.17,20260323,4.03,-3.5173,2026-03,高
002831.SZ,20260316,98.0,20260317,36.0,20260324,32.5,-9.8822,2026-03,高
603248.SH,20260316,98.0,20260317,30.8,20260324,28.2,-8.6016,2026-03,高
600683.SH,20260316,97.5,20260317,10.6,20260324,10.88,2.4815,2026-03,高
600726.SH,20260316,97.3,20260317,4.16,20260324,5.59,34.215,2026-03,高
601218.SH,20260316,96.9,20260317,6.86,20260324,7.62,10.9187,2026-03,高
002310.SZ,20260316,95.5,20260317,2.87,20260324,3.79,31.8957,2026-03,高
603949.SH,20260316,95.3,20260317,22.86,20260324,19.92,-13.0209,2026-03,高
603817.SH,20260316,95.2,20260317,8.0,20260324,8.79,9.715,2026-03,高
002384.SZ,20260316,95.1,20260317,117.0,20260324,107.52,-8.2626,2026-03,高
000890.SZ,20260316,95.0,20260317,12.55,20260324,12.79,1.7524,2026-03,高
600956.SH,20260316,94.6,20260317,9.75,20260324,10.31,5.5836,2026-03,高
600722.SH,20260316,94.4,20260317,17.35,20260324,15.97,-8.1139,2026-03,高
002382.SZ,20260316,94.4,20260317,7.81,20260324,7.84,0.2241,2026-03,高
600714.SH,20260316,94.2,20260317,25.0,20260324,18.63,-25.64,2026-03,高
002159.SZ,20260316,94.1,20260317,20.73,20260324,19.08,-8.1195,2026-03,高
600110.SH,20260316,93.9,20260317,8.44,20260324,7.83,-7.3875,2026-03,高
002652.SZ,20260316,93.8,20260317,5.64,20260324,4.55,-19.4862,2026-03,高
603026.SH,20260316,93.7,20260317,74.0,20260324,78.4,5.7859,2026-03,高
603527.SH,20260316,93.5,20260317,12.65,20260324,10.41,-17.8675,2026-03,高
600152.SH,20260316,93.0,20260317,10.74,20260324,9.38,-12.8229,2026-03,高
603949.SH,20260318,97.7,20260319,23.74,20260327,17.62,-25.9393,2026-03,高
002285.SZ,20260318,97.6,20260319,3.47,20260327,3.0,-13.7047,2026-03,高
600370.SH,20260318,97.2,20260319,3.66,20260327,2.6,-29.1217,2026-03,高
000890.SZ,20260318,96.9,20260319,13.4,20260327,13.48,0.437,2026-03,高
600683.SH,20260318,96.8,20260319,10.2,20260327,10.33,1.1145,2026-03,高
000020.SZ,20260318,95.0,20260319,21.21,20260327,16.79,-20.9992,2026-03,高
600396.SH,20260318,95.0,20260319,5.24,20260327,8.99,71.4049,2026-03,高
603929.SH,20260318,95.0,20260319,174.1,20260327,185.11,6.164,2026-03,高
001309.SZ,20260318,95.0,20260319,357.0,20260327,381.89,6.812,2026-03,高
002636.SZ,20260318,94.8,20260319,33.0,20260327,31.26,-5.4327,2026-03,高
603175.SH,20260318,94.3,20260319,93.5,20260327,87.53,-6.545,2026-03,高
002638.SZ,20260318,92.5,20260319,4.28,20260327,4.42,3.111,2026-03,高
002323.SZ,20260318,92.2,20260319,3.03,20260327,2.62,-13.6914,2026-03,中
002294.SZ,20260318,92.1,20260319,57.95,20260327,61.88,6.6217,2026-03,中
600683.SH,20260205,98.0,20260206,6.6,20260213,6.71,1.5067,2026-02,高
603616.SH,20260205,98.0,20260206,8.29,20260213,6.76,-18.616,2026-02,高
605599.SH,20260205,98.0,20260206,26.1,20260213,25.32,-3.1485,2026-02,高
002948.SZ,20260205,97.6,20260206,5.47,20260213,5.43,-0.8913,2026-02,高
002985.SZ,20260205,97.5,20260206,45.98,20260213,44.22,-3.9878,2026-02,高
001278.SZ,20260205,97.5,20260206,24.86,20260213,25.25,1.4088,2026-02,高
002193.SZ,20260205,97.0,20260206,7.01,20260213,6.88,-2.0145,2026-02,高
603618.SH,20260205,96.8,20260206,12.46,20260213,14.51,16.2926,2026-02,高
603059.SH,20260205,96.7,20260206,39.0,20260213,39.47,1.0451,2026-02,高
600054.SH,20260205,96.3,20260206,14.19,20260213,12.98,-8.6871,2026-02,高
002931.SZ,20260205,95.3,20260206,113.0,20260213,89.85,-20.6467,2026-02,高
002259.SZ,20260205,95.0,20260206,5.9,20260213,5.58,-5.5837,2026-02,高
002506.SZ,20260205,95.0,20260206,4.01,20260213,4.31,7.3213,2026-02,高
601015.SH,20260205,95.0,20260206,5.18,20260213,4.45,-14.2527,2026-02,高
605016.SH,20260205,94.9,20260206,26.53,20260213,24.7,-7.0579,2026-02,高
000778.SZ,20260205,94.8,20260206,5.13,20260213,4.85,-5.6181,2026-02,高
603271.SH,20260205,94.8,20260206,51.98,20260213,46.81,-10.1061,2026-02,高
002043.SZ,20260205,94.7,20260206,17.52,20260213,16.31,-7.0664,2026-02,高
002372.SZ,20260205,94.7,20260206,12.41,20260213,12.06,-2.9803,2026-02,高
600763.SH,20260205,94.6,20260206,51.06,20260213,46.95,-8.2094,2026-02,高
605599.SH,20260206,97.6,20260209,28.06,20260224,25.38,-9.711,2026-02,高
002506.SZ,20260206,97.5,20260209,5.02,20260224,4.74,-5.7377,2026-02,高
603618.SH,20260206,97.5,20260209,14.67,20260224,15.8,7.5428,2026-02,高
603616.SH,20260206,97.5,20260209,8.5,20260224,7.44,-12.6306,2026-02,高
002218.SZ,20260206,96.7,20260209,7.4,20260224,6.79,-8.4032,2026-02,高
002193.SZ,20260206,96.6,20260209,7.12,20260224,6.73,-5.6375,2026-02,高
002921.SZ,20260206,95.5,20260209,26.37,20260224,23.96,-9.2992,2026-02,高
000415.SZ,20260206,95.0,20260209,5.25,20260224,5.31,0.9829,2026-02,高
600814.SH,20260206,95.0,20260209,10.68,20260224,8.56,-20.0102,2026-02,高
002259.SZ,20260206,95.0,20260209,5.98,20260224,5.66,-5.5112,2026-02,高
000428.SZ,20260206,94.8,20260209,3.96,20260224,3.81,-3.9479,2026-02,高
603922.SH,20260206,94.6,20260209,21.06,20260224,22.18,5.1581,2026-02,高
605016.SH,20260206,94.5,20260209,27.0,20260224,24.67,-8.7896,2026-02,高
002342.SZ,20260206,94.3,20260209,19.28,20260224,15.21,-21.27,2026-02,高
603507.SH,20260206,94.2,20260209,32.0,20260224,31.4,-2.035,2026-02,高
601015.SH,20260206,94.0,20260209,4.9,20260224,4.9,-0.16,2026-02,高
603980.SH,20260206,94.0,20260209,7.21,20260224,8.26,14.4031,2026-02,高
002970.SZ,20260206,94.0,20260209,73.0,20260224,76.01,3.9633,2026-02,高
600983.SH,20260206,93.7,20260209,12.7,20260224,12.04,-5.3569,2026-02,高
603629.SH,20260206,92.5,20260209,48.0,20260224,55.84,16.1733,2026-02,高
600185.SH,20260209,98.0,20260210,8.19,20260225,7.16,-12.7363,2026-02,高
603729.SH,20260209,98.0,20260210,21.6,20260225,18.92,-12.5674,2026-02,高
603150.SH,20260209,97.8,20260210,54.85,20260225,58.07,5.7106,2026-02,高
002506.SZ,20260209,97.5,20260210,5.41,20260225,4.88,-9.9567,2026-02,高
603618.SH,20260209,97.5,20260210,13.57,20260225,15.14,11.4096,2026-02,高
603616.SH,20260209,97.5,20260210,9.0,20260225,8.01,-11.16,2026-02,高
002218.SZ,20260209,97.2,20260210,7.85,20260225,6.83,-13.1536,2026-02,高
002193.SZ,20260209,96.9,20260210,7.25,20260225,6.72,-7.4703,2026-02,高
000415.SZ,20260209,96.7,20260210,5.38,20260225,5.36,-0.5317,2026-02,高
600983.SH,20260209,96.7,20260210,12.57,20260226,12.18,-3.2626,2026-02,高
603665.SH,20260209,96.6,20260210,39.2,20260225,32.21,-17.9916,2026-02,高
600987.SH,20260209,96.5,20260210,8.48,20260225,8.65,1.8447,2026-02,高
000070.SZ,20260209,96.3,20260210,15.5,20260225,18.14,16.8723,2026-02,高
002957.SZ,20260209,96.2,20260210,29.49,20260225,28.09,-4.9074,2026-02,高
002015.SZ,20260209,95.8,20260210,13.2,20260225,12.56,-5.0085,2026-02,高
603188.SH,20260209,95.5,20260210,5.93,20260225,5.92,-0.3286,2026-02,高
603980.SH,20260209,95.5,20260210,7.93,20260225,8.4,5.7669,2026-02,高
001326.SZ,20260209,95.5,20260210,61.93,20260225,60.99,-1.6778,2026-02,高
001228.SZ,20260209,95.3,20260210,32.74,20260225,33.75,2.9249,2026-02,高
000703.SZ,20260209,95.0,20260210,12.75,20260225,12.63,-1.1012,2026-02,高
603729.SH,20260210,98.0,20260211,23.76,20260226,18.91,-20.5725,2026-02,高
603968.SH,20260210,98.0,20260211,15.0,20260226,16.36,8.9067,2026-02,高
000703.SZ,20260210,97.6,20260211,13.4,20260226,12.51,-6.8018,2026-02,高
000070.SZ,20260210,97.5,20260211,17.73,20260226,18.12,2.0397,2026-02,高
002506.SZ,20260210,97.5,20260211,5.27,20260226,5.03,-4.7141,2026-02,高
002323.SZ,20260210,97.5,20260211,2.29,20260226,2.48,8.1369,2026-02,高
603980.SH,20260210,97.5,20260211,8.35,20260226,8.24,-1.4774,2026-02,高
603150.SH,20260210,97.5,20260211,57.8,20260226,61.36,5.9992,2026-02,高
002957.SZ,20260210,96.4,20260211,29.3,20260226,28.75,-2.0371,2026-02,高
002491.SZ,20260210,95.5,20260211,9.51,20260226,10.48,10.0398,2026-02,高
601599.SH,20260210,95.5,20260211,5.59,20260226,4.35,-22.3425,2026-02,高
002806.SZ,20260210,95.5,20260211,16.08,20260226,16.84,4.5664,2026-02,高
600977.SH,20260210,95.5,20260211,20.74,20260226,14.87,-28.4628,2026-02,高
603301.SH,20260210,95.5,20260211,88.7,20260226,87.59,-1.4114,2026-02,高
000517.SZ,20260210,95.2,20260211,2.16,20260226,2.14,-1.0859,2026-02,高
001326.SZ,20260210,95.2,20260211,64.0,20260226,62.99,-1.7381,2026-02,高
000951.SZ,20260210,95.1,20260211,20.15,20260226,20.71,2.6192,2026-02,高
600522.SH,20260210,95.1,20260211,23.8,20260226,27.59,15.7644,2026-02,高
002455.SZ,20260210,95.0,20260211,14.51,20260226,14.1,-2.9856,2026-02,高
603058.SH,20260210,95.0,20260211,13.53,20260226,13.26,-2.1556,2026-02,高
603729.SH,20260211,98.0,20260212,23.19,20260227,18.59,-19.9961,2026-02,高
603968.SH,20260211,98.0,20260212,15.48,20260227,16.02,3.3284,2026-02,高
000517.SZ,20260211,97.7,20260212,2.23,20260227,2.15,-3.7474,2026-02,高
000070.SZ,20260211,97.5,20260212,19.5,20260227,17.87,-8.519,2026-02,高
002323.SZ,20260211,97.5,20260212,2.36,20260227,2.42,2.3824,2026-02,高
603980.SH,20260211,97.5,20260212,8.4,20260227,8.07,-4.0886,2026-02,高
002992.SZ,20260211,97.5,20260212,57.43,20260227,57.09,-0.752,2026-02,高
603629.SH,20260211,97.5,20260212,61.1,20260227,58.52,-4.3826,2026-02,高
603188.SH,20260211,97.1,20260212,6.01,20260227,5.84,-2.9886,2026-02,高
002969.SZ,20260211,97.1,20260212,31.6,20260227,23.49,-25.8246,2026-02,高
002957.SZ,20260211,97.0,20260212,29.02,20260227,28.29,-2.6755,2026-02,高
603150.SH,20260211,96.9,20260212,62.37,20260227,63.34,1.3952,2026-02,高
001330.SZ,20260211,96.7,20260212,12.06,20260227,9.07,-24.9527,2026-02,高
603922.SH,20260211,96.4,20260212,21.78,20260227,22.91,5.0282,2026-02,高
600176.SH,20260211,95.5,20260212,26.4,20260227,27.04,2.2642,2026-02,高
002470.SZ,20260211,95.5,20260212,2.25,20260227,3.1,37.6178,2026-02,高
002723.SZ,20260211,95.5,20260212,11.0,20260227,9.67,-12.2509,2026-02,高
001217.SZ,20260211,95.5,20260212,15.67,20260227,14.44,-8.0094,2026-02,高
002948.SZ,20260211,95.4,20260212,5.65,20260227,5.28,-6.7087,2026-02,高
603301.SH,20260211,95.3,20260212,92.5,20260227,87.5,-5.5654,2026-02,高
001896.SZ,20260212,98.0,20260213,9.12,20260302,14.14,54.8839,2026-02,高
000070.SZ,20260212,97.5,20260213,19.0,20260302,19.66,3.3137,2026-02,高
600176.SH,20260212,97.5,20260213,26.8,20260302,28.35,5.6236,2026-02,高
600397.SH,20260212,97.5,20260213,14.6,20260302,21.5,47.1003,2026-02,高
600673.SH,20260212,97.5,20260213,36.21,20260313,34.82,-3.9987,2026-02,高
002323.SZ,20260212,97.5,20260213,2.68,20260302,2.25,-16.2048,2026-02,高
002842.SZ,20260212,97.5,20260213,37.59,20260302,45.72,21.4681,2026-02,高
603629.SH,20260212,97.4,20260213,60.12,20260302,64.37,6.9092,2026-02,高
603381.SH,20260212,97.4,20260213,31.09,20260302,27.64,-11.2568,2026-02,高
000951.SZ,20260212,97.3,20260213,21.41,20260302,20.53,-4.2702,2026-02,高
600589.SH,20260212,97.2,20260213,15.25,20260302,12.22,-20.0289,2026-02,高
002806.SZ,20260212,97.2,20260213,17.02,20260302,16.19,-5.0366,2026-02,高
603150.SH,20260212,97.2,20260213,62.55,20260302,61.0,-2.638,2026-02,高
601869.SH,20260212,97.2,20260213,225.0,20260302,242.42,7.5822,2026-02,高
002969.SZ,20260212,97.2,20260213,31.55,20260302,22.1,-30.1125,2026-02,高
603968.SH,20260212,97.1,20260213,15.48,20260302,15.41,-0.6122,2026-02,高
603922.SH,20260212,97.0,20260213,21.94,20260302,22.5,2.3924,2026-02,高
002957.SZ,20260212,96.9,20260213,31.0,20260302,28.79,-7.289,2026-02,高
600395.SH,20260212,96.8,20260213,5.75,20260302,5.98,3.84,2026-02,高
603881.SH,20260212,96.8,20260213,43.0,20260302,39.3,-8.7647,2026-02,高
002169.SZ,20260213,98.0,20260224,15.38,20260303,14.55,-5.5566,2026-02,高
605007.SH,20260213,98.0,20260224,16.27,20260303,16.5,1.2536,2026-02,高
001896.SZ,20260213,97.5,20260224,10.03,20260303,13.28,32.2428,2026-02,高
603533.SH,20260213,97.5,20260224,35.83,20260303,26.59,-25.9484,2026-02,高
002951.SZ,20260213,97.5,20260224,19.48,20260303,15.0,-23.1579,2026-02,高
605289.SH,20260213,97.5,20260224,94.04,20260303,126.7,34.5699,2026-02,高
002806.SZ,20260213,97.2,20260224,17.1,20260303,15.62,-8.815,2026-02,高
603922.SH,20260213,97.2,20260224,22.68,20260303,21.48,-5.451,2026-02,高
603186.SH,20260213,97.1,20260224,82.41,20260303,79.78,-3.3514,2026-02,高
600397.SH,20260213,97.0,20260224,16.18,20260303,19.35,19.4321,2026-02,高
600673.SH,20260213,96.9,20260309,35.0,20260316,34.98,-0.2171,2026-02,高
603968.SH,20260213,96.8,20260224,16.08,20260303,14.28,-11.354,2026-02,高
603950.SH,20260213,96.8,20260224,39.5,20260303,50.06,26.5742,2026-02,高
605033.SH,20260213,95.5,20260224,31.54,20260303,22.98,-27.3001,2026-02,高
600410.SH,20260213,95.0,20260224,26.0,20260303,27.85,6.9554,2026-02,高
600791.SH,20260213,95.0,20260224,7.49,20260303,8.16,8.7853,2026-02,高
002378.SZ,20260213,94.6,20260224,31.92,20260303,41.63,30.2598,2026-02,高
603638.SH,20260213,94.5,20260224,25.85,20260303,22.34,-13.7383,2026-02,高
603138.SH,20260213,94.4,20260224,23.5,20260303,20.68,-12.16,2026-02,高
002634.SZ,20260213,94.3,20260224,7.81,20260303,6.88,-12.0678,2026-02,高
002169.SZ,20260224,97.8,20260225,15.55,20260304,14.8,-4.9832,2026-02,高
600966.SH,20260224,97.7,20260225,8.55,20260304,8.08,-5.6571,2026-02,高
603002.SH,20260224,97.6,20260225,10.68,20260304,10.69,-0.0664,2026-02,高
001896.SZ,20260224,97.5,20260225,10.5,20260304,14.26,35.6495,2026-02,高
600397.SH,20260224,97.5,20260225,17.64,20260304,18.57,5.1121,2026-02,高
605289.SH,20260224,97.5,20260225,100.24,20260304,131.18,30.7059,2026-02,高
603968.SH,20260224,97.4,20260225,16.69,20260304,14.57,-12.8622,2026-02,高
600673.SH,20260224,96.9,20260309,35.0,20260316,34.98,-0.2171,2026-02,高
603121.SH,20260224,96.4,20260309,23.13,20260316,19.34,-16.5456,2026-02,高
000890.SZ,20260224,95.5,20260225,7.28,20260304,8.87,21.6807,2026-02,高
002283.SZ,20260224,95.5,20260225,10.19,20260304,9.71,-4.8705,2026-02,高
601890.SH,20260224,95.5,20260225,13.63,20260304,12.71,-6.9098,2026-02,高
605033.SH,20260224,95.0,20260225,34.69,20260304,23.18,-33.3396,2026-02,高
002812.SZ,20260224,94.9,20260225,66.0,20260304,61.75,-6.5994,2026-02,高
002498.SZ,20260224,94.8,20260225,7.83,20260304,8.13,3.6714,2026-02,高
002655.SZ,20260224,94.8,20260225,15.93,20260304,16.63,4.2342,2026-02,高
600791.SH,20260224,94.5,20260225,8.13,20260304,8.34,2.423,2026-02,高
000688.SZ,20260224,94.3,20260225,34.11,20260304,34.7,1.5697,2026-02,高
603331.SH,20260224,94.2,20260225,19.99,20260304,16.6,-17.1185,2026-02,高
000779.SZ,20260224,94.1,20260225,10.23,20260304,9.56,-6.7094,2026-02,高
002348.SZ,20260225,98.0,20260226,7.57,20260305,8.15,7.5018,2026-02,高
002169.SZ,20260225,97.6,20260226,15.73,20260305,15.1,-4.1651,2026-02,高
603002.SH,20260225,97.6,20260226,11.27,20260305,10.64,-5.7501,2026-02,高
001896.SZ,20260225,97.5,20260226,11.04,20260305,14.44,30.6371,2026-02,高
600397.SH,20260225,97.5,20260226,19.12,20260305,18.17,-5.1286,2026-02,高
001203.SZ,20260225,97.5,20260226,42.62,20260305,35.83,-16.0915,2026-02,高
605289.SH,20260225,97.5,20260226,108.87,20260305,130.0,19.2485,2026-02,高
000779.SZ,20260225,97.3,20260226,10.52,20260305,9.57,-9.1904,2026-02,高
600791.SH,20260225,97.1,20260226,8.17,20260305,8.25,0.8192,2026-02,高
600673.SH,20260225,96.9,20260309,35.0,20260316,34.98,-0.2171,2026-02,高
603121.SH,20260225,96.4,20260309,23.13,20260316,19.34,-16.5456,2026-02,高
000890.SZ,20260225,95.5,20260226,7.26,20260305,9.15,25.8731,2026-02,高
002930.SZ,20260225,95.5,20260226,13.5,20260305,13.63,0.803,2026-02,高
000839.SZ,20260225,95.0,20260226,3.69,20260305,3.24,-12.3551,2026-02,高
603685.SH,20260225,95.0,20260226,27.9,20260305,29.82,6.7217,2026-02,高
002008.SZ,20260225,94.9,20260226,64.1,20260305,71.48,11.3533,2026-02,高
002498.SZ,20260225,94.8,20260226,8.15,20260305,8.94,9.5333,2026-02,高
601096.SH,20260225,94.7,20260226,6.41,20260305,6.53,1.7121,2026-02,高
603588.SH,20260225,94.6,20260226,11.66,20260305,13.1,12.1899,2026-02,高
600984.SH,20260225,94.4,20260226,5.19,20260305,4.77,-8.2525,2026-02,高
002169.SZ,20260226,97.7,20260227,16.29,20260306,15.59,-4.4571,2026-02,高
603588.SH,20260226,97.6,20260227,12.03,20260306,13.4,11.2282,2026-02,高
603400.SH,20260226,97.6,20260227,73.0,20260306,71.0,-2.8997,2026-02,高
000890.SZ,20260226,97.5,20260227,7.83,20260306,9.05,15.4211,2026-02,高
001896.SZ,20260226,97.5,20260227,12.76,20260306,15.88,24.2914,2026-02,高
002008.SZ,20260226,97.5,20260227,69.72,20260306,69.54,-0.4182,2026-02,高
603002.SH,20260226,97.5,20260227,11.81,20260306,10.51,-11.1676,2026-02,高
600397.SH,20260226,97.4,20260227,19.75,20260306,19.99,1.0552,2026-02,高
605318.SH,20260226,97.3,20260227,79.97,20260306,69.61,-13.1149,2026-02,高
601096.SH,20260226,97.2,20260227,6.45,20260306,6.71,3.871,2026-02,高
600791.SH,20260226,97.1,20260227,8.48,20260306,8.25,-2.8723,2026-02,高
002348.SZ,20260226,97.1,20260227,7.78,20260306,8.23,5.6241,2026-02,高
600673.SH,20260226,96.9,20260309,35.0,20260316,34.98,-0.2171,2026-02,高
605289.SH,20260226,96.9,20260227,117.99,20260306,131.15,10.9935,2026-02,高
002498.SZ,20260226,96.8,20260227,8.38,20260306,9.83,17.1431,2026-02,高
001203.SZ,20260226,96.7,20260227,39.5,20260306,35.81,-9.5018,2026-02,高
603121.SH,20260226,96.4,20260309,23.13,20260316,19.34,-16.5456,2026-02,高
000899.SZ,20260226,95.5,20260227,14.18,20260306,14.53,2.3083,2026-02,高
603867.SH,20260226,95.5,20260227,36.83,20260306,35.67,-3.3096,2026-02,高
000811.SZ,20260226,95.3,20260227,20.08,20260306,21.14,5.1189,2026-02,高
603738.SH,20260227,98.0,20260302,21.6,20260309,22.06,1.9696,2026-02,高
002930.SZ,20260227,97.9,20260302,13.88,20260309,14.67,5.5316,2026-02,高
603400.SH,20260227,97.9,20260302,72.94,20260309,68.9,-5.6988,2026-02,高
603588.SH,20260227,97.7,20260302,13.05,20260309,14.02,7.273,2026-02,高
002348.SZ,20260227,97.6,20260302,8.05,20260309,8.61,6.7965,2026-02,高
001896.SZ,20260227,97.5,20260302,13.35,20260309,15.95,19.3157,2026-02,高
600397.SH,20260227,97.5,20260302,22.58,20260309,20.47,-9.5046,2026-02,高
603685.SH,20260227,97.5,20260302,28.63,20260309,27.84,-2.9193,2026-02,高
002008.SZ,20260227,97.1,20260302,71.0,20260309,67.77,-4.7093,2026-02,高
605289.SH,20260227,97.0,20260302,115.07,20260309,135.0,17.1599,2026-02,高
600673.SH,20260227,96.9,20260309,35.0,20260316,34.98,-0.2171,2026-02,高
603121.SH,20260227,96.4,20260309,23.13,20260316,19.34,-16.5456,2026-02,高
002350.SZ,20260227,95.5,20260302,12.32,20260309,13.84,12.1777,2026-02,高
002980.SZ,20260227,95.5,20260302,31.87,20260309,35.6,11.5438,2026-02,高
603790.SH,20260227,95.3,20260302,26.1,20260309,25.15,-3.7998,2026-02,高
002887.SZ,20260227,95.2,20260302,11.59,20260309,11.64,0.2714,2026-02,高
603922.SH,20260227,95.2,20260302,22.14,20260309,21.92,-1.1537,2026-02,高
001326.SZ,20260227,95.2,20260302,64.2,20260309,62.37,-3.0105,2026-02,高
000657.SZ,20260227,95.0,20260302,71.0,20260309,65.11,-8.4558,2026-02,高
000899.SZ,20260227,95.0,20260302,14.88,20260309,14.94,0.2432,2026-02,高
603738.SH,20260302,98.0,20260303,24.2,20260310,22.46,-7.3501,2026-03,高
603393.SH,20260302,98.0,20260303,39.18,20260310,38.6,-1.6403,2026-03,高
002980.SZ,20260302,98.0,20260303,35.06,20260310,36.78,4.7459,2026-03,高
000731.SZ,20260302,97.5,20260303,8.32,20260310,7.81,-6.2898,2026-03,高
600026.SH,20260302,97.5,20260303,24.45,20260310,23.26,-5.0271,2026-03,高
601872.SH,20260302,97.5,20260303,18.9,20260310,16.47,-13.0171,2026-03,高
002353.SZ,20260302,97.5,20260303,124.36,20260310,119.8,-3.8268,2026-03,高
001400.SZ,20260302,97.5,20260303,131.05,20260310,146.04,11.2784,2026-03,高
002348.SZ,20260302,97.4,20260303,8.14,20260310,8.82,8.1938,2026-03,高
603588.SH,20260302,97.3,20260303,12.69,20260310,14.51,14.182,2026-03,高
600299.SH,20260302,97.2,20260303,12.1,20260310,13.28,9.5921,2026-03,高
600301.SH,20260302,97.2,20260303,71.0,20260310,64.2,-9.7375,2026-03,高
600759.SH,20260302,97.2,20260303,7.51,20260310,7.49,-0.4263,2026-03,高
605289.SH,20260302,97.0,20260303,133.16,20260310,132.72,-0.4904,2026-03,高
001896.SZ,20260302,96.9,20260303,13.89,20260310,15.81,13.6629,2026-03,高
600673.SH,20260302,96.9,20260309,35.0,20260316,34.98,-0.2171,2026-03,高
002008.SZ,20260302,96.9,20260303,74.5,20260310,73.01,-2.16,2026-03,高
002272.SZ,20260302,96.9,20260303,21.0,20260310,20.83,-0.9695,2026-03,高
603867.SH,20260302,96.9,20260303,38.65,20260310,34.4,-11.1561,2026-03,高
601958.SH,20260302,96.8,20260303,26.0,20260310,23.96,-8.0062,2026-03,高
002463.SZ,20260318,88.6,20260319,88.55,20260327,80.64,-9.0928,2026-03,中
000007.SZ,20260318,87.7,20260319,14.84,20260327,13.24,-10.9417,2026-03,中
001382.SZ,20260318,87.7,20260319,24.03,20260327,22.55,-6.319,2026-03,中
603211.SH,20260318,87.4,20260319,24.58,20260327,24.0,-2.5196,2026-03,中
000062.SZ,20260318,86.5,20260319,26.7,20260327,27.78,3.8849,2026-03,低
603991.SH,20260318,86.4,20260319,105.0,20260327,101.77,-3.2362,2026-03,低
002202.SZ,20260318,86.3,20260319,30.0,20260327,27.45,-8.66,2026-03,低
002298.SZ,20260318,86.2,20260319,12.34,20260327,11.64,-5.8326,2026-03,低
601919.SH,20260318,85.7,20260319,16.14,20260327,15.17,-6.1699,2026-03,低
603332.SH,20260318,85.6,20260319,14.66,20260327,12.91,-12.0972,2026-03,低
603880.SH,20260318,85.5,20260319,7.5,20260327,7.18,-4.4267,2026-03,低
603683.SH,20260318,85.4,20260319,27.39,20260327,27.98,1.9941,2026-03,低
002730.SZ,20260318,85.0,20260319,21.0,20260327,24.42,16.1257,2026-03,低
603977.SH,20260318,84.9,20260319,16.34,20260327,17.0,3.8792,2026-03,低
603817.SH,20260318,84.7,20260319,8.58,20260327,7.89,-8.202,2026-03,低
002135.SZ,20260318,84.4,20260319,7.43,20260327,6.78,-8.9083,2026-03,低
603693.SH,20260318,84.4,20260319,16.13,20260327,16.35,1.2039,2026-03,低
600328.SH,20260318,84.3,20260319,10.46,20260327,9.68,-7.617,2026-03,低
002355.SZ,20260318,84.1,20260319,7.46,20260327,6.84,-8.471,2026-03,低
002256.SZ,20260318,84.0,20260319,4.19,20260327,4.35,3.6586,2026-03,低
000701.SZ,20251117,84.3,20251201,7.17,20251208,8.65,20.4816,2025-11,低
002931.SZ,20251117,82.6,20251201,21.49,20251208,19.54,-9.234,2025-11,低
002430.SZ,20251117,81.8,20251201,26.81,20251208,29.27,9.0157,2025-11,低
603758.SH,20251117,81.8,20251118,16.5,20251125,15.83,-4.2206,2025-11,低
603817.SH,20251117,81.5,20251118,8.71,20251125,7.38,-15.4298,2025-11,低
600734.SH,20251117,81.3,20251118,3.99,20251125,5.59,39.9403,2025-11,低
603755.SH,20251117,81.3,20251118,38.8,20251125,37.28,-4.0775,2025-11,低
000753.SZ,20251117,81.1,20251201,8.7,20251208,9.1,4.4377,2025-11,低
000863.SZ,20251117,80.9,20251201,5.01,20251208,4.57,-8.9424,2025-11,低
600338.SH,20251117,80.9,20251118,16.74,20251125,14.46,-13.7801,2025-11,低
