feature,family,rank,abs_cliffs_delta,missing_rate_max,direction,layer,layer_code,redundant_with,reason_summary,role_hint
f_chip_low_position120,chip,22,0.0869031097677783,0.2602555480833893,A更高,降级/弃用项,downgrade,,|delta|=0.0869；missing_max=26.03%；方向=A更高；缺失偏高(>20%),single_role
f_ind_peer_strong_count,industry,24,0.0829860291081177,0.0,A更高,降级/弃用项,downgrade,,|delta|=0.0830；missing_max=0.00%；方向=A更高；边际信息有限,single_role
f_low_vol_days10,volume,25,0.0798022686522078,0.0,A更低,降级/弃用项,downgrade,,|delta|=0.0798；missing_max=0.00%；方向=A更低；边际信息有限,single_role
f_platform_compress_ratio,platform,26,0.0796362386948039,0.0316072629455279,A更高,降级/弃用项,downgrade,,|delta|=0.0796；missing_max=3.16%；方向=A更高；平台静态特征不宜过度约束,single_role
f_vol20_vol60,volume,27,0.0638759153738324,0.1277740416946872,A更高,降级/弃用项,downgrade,,|delta|=0.0639；missing_max=12.78%；方向=A更高；边际信息有限,single_role
f_ind_strength_3d,industry,28,0.0526395558141969,0.0,A更高,降级/弃用项,downgrade,,|delta|=0.0526；missing_max=0.00%；方向=A更高；边际信息有限,single_role
f_ind_breadth,industry,29,0.0487018971047171,0.0,差异弱,降级/弃用项,downgrade,,|delta|=0.0487；missing_max=0.00%；方向=差异弱；区分力弱,single_role
f_chip_peak_dominance,chip,30,0.0480864683810957,0.0013449899125756,差异弱,降级/弃用项,downgrade,,|delta|=0.0481；missing_max=0.13%；方向=差异弱；区分力弱,single_role
f_chip_secondary_peak_ratio,chip,31,0.0480864100274845,0.0013449899125756,差异弱,降级/弃用项,downgrade,f_chip_peak_dominance,|delta|=0.0481；missing_max=0.13%；方向=差异弱；区分力弱；与f_chip_peak_dominance高相关，避免重复约束,single_role
f_platform_len,platform,32,0.0458292405888144,0.0,差异弱,降级/弃用项,downgrade,,|delta|=0.0458；missing_max=0.00%；方向=差异弱；区分力弱,single_role
f_ind_strength_5d,industry,33,0.0456449906059894,0.0,差异弱,降级/弃用项,downgrade,,|delta|=0.0456；missing_max=0.00%；方向=差异弱；区分力弱,single_role
f_chip_peak_count_sig,chip,34,0.0446378283120051,0.0013449899125756,差异弱,降级/弃用项,downgrade,,|delta|=0.0446；missing_max=0.13%；方向=差异弱；区分力弱,single_role
f_platform_range30,platform,35,0.0427103845134158,0.1069266980497646,差异弱,降级/弃用项,downgrade,,|delta|=0.0427；missing_max=10.69%；方向=差异弱；区分力弱,single_role
f_platform_range_best,platform,36,0.0380788347483149,0.0759919300605245,差异弱,降级/弃用项,downgrade,f_platform_range30,|delta|=0.0381；missing_max=7.60%；方向=差异弱；区分力弱；与f_platform_range30高相关，避免重复约束,single_role
f_platform_range20,platform,37,0.0380788347483149,0.0759919300605245,差异弱,降级/弃用项,downgrade,f_platform_range30,|delta|=0.0381；missing_max=7.60%；方向=差异弱；区分力弱；与f_platform_range30高相关，避免重复约束,single_role
f_near_pivot20,platform,38,0.0370886210876222,0.0759919300605245,差异弱,降级/弃用项,downgrade,,|delta|=0.0371；missing_max=7.60%；方向=差异弱；区分力弱,single_role
f_k_break_pivot20_pct,kline,39,0.0370886210876222,0.0759919300605245,差异弱,降级/弃用项,downgrade,f_near_pivot20,|delta|=0.0371；missing_max=7.60%；方向=差异弱；区分力弱；与f_near_pivot20高相关，避免重复约束,single_role
f_ind_strength_today,industry,40,0.0239994634491329,0.0,差异弱,降级/弃用项,downgrade,,|delta|=0.0240；missing_max=0.00%；方向=差异弱；区分力弱,single_role
f_atr_ratio,platform,41,0.0174323998218248,0.01546738399462,差异弱,降级/弃用项,downgrade,,|delta|=0.0174；missing_max=1.55%；方向=差异弱；区分力弱,single_role
f_chip_single_peak_score,chip,42,0.0057300912066944,0.0013449899125756,差异弱,降级/弃用项,downgrade,f_chip_peak_count_sig,|delta|=0.0057；missing_max=0.13%；方向=差异弱；区分力弱；与f_chip_peak_count_sig高相关，避免重复约束,single_role
f_vol_stability20,volume,43,0.0043546171381909,0.0746469401479488,差异弱,降级/弃用项,downgrade,,|delta|=0.0044；missing_max=7.46%；方向=差异弱；区分力弱,single_role
f_trend_close_ma20_gap,strength,1,0.346265344525231,0.0316072629455279,A更高,硬过滤候选,hard_filter,,|delta|=0.3463；missing_max=3.16%；方向=A更高；高区分+低缺失+方向明确,single_role
f_strength_rs20_xsec_q,strength,3,0.271695985372659,0.0322797579018157,A更高,硬过滤候选,hard_filter,,|delta|=0.2717；missing_max=3.23%；方向=A更高；高区分+低缺失+方向明确,single_role
f_trend_close_ma60_gap,strength,4,0.2682376782620175,0.1277740416946872,A更高,连续评分候选,scoring,,|delta|=0.2682；missing_max=12.78%；方向=A更高；有区分力，适合连续加分,single_role
f_ind_rank_pctchg,industry,5,0.2552641915752307,0.0,A更高,??????,scoring,,|delta|=0.2553；missing_max=0.00%；方向=A更高；高区分+低缺失+方向明确?sanity:??????????????+????+????????,weak_filter_plus_scoring_plus_trigger_assist
f_strength_vs_index20,strength,6,0.2550745622832748,0.0322797579018157,A更高,连续评分候选,scoring,f_strength_rs20_xsec_q,|delta|=0.2551；missing_max=3.23%；方向=A更高；有区分力，适合连续加分；与f_strength_rs20_xsec_q高相关，避免重复约束,single_role
f_chip_stability_std10,chip,7,0.2543201580610794,0.0,A更高,??????,scoring,,|delta|=0.2543；missing_max=0.00%；方向=A更高；高区分+低缺失+方向明确?sanity:??????????????????????????????????,scoring_observation_pending_semantics_review
f_strength_ret20,strength,8,0.2505054309260237,0.0322797579018157,A更高,连续评分候选,scoring,f_strength_vs_index20,|delta|=0.2505；missing_max=3.23%；方向=A更高；有区分力，适合连续加分；与f_strength_vs_index20高相关，避免重复约束,single_role
f_strength_rs60_xsec_q,strength,9,0.2325324271047615,0.1277740416946872,A更高,连续评分候选,scoring,,|delta|=0.2325；missing_max=12.78%；方向=A更高；有区分力，适合连续加分,single_role
f_chip_winner_rate,chip,10,0.2281172116579544,0.0,A更高,??????,scoring,,|delta|=0.2281；missing_max=0.00%；方向=A更高；高区分+低缺失+方向明确?sanity:????????????????????,scoring_with_upper_saturation_guard
f_strength_vs_index60,strength,11,0.226876810636071,0.1277740416946872,A更高,连续评分候选,scoring,f_strength_rs60_xsec_q,|delta|=0.2269；missing_max=12.78%；方向=A更高；有区分力，适合连续加分；与f_strength_rs60_xsec_q高相关，避免重复约束,single_role
f_strength_ret60,strength,12,0.2246409786265151,0.1277740416946872,A更高,连续评分候选,scoring,f_strength_vs_index60,|delta|=0.2246；missing_max=12.78%；方向=A更高；有区分力，适合连续加分；与f_strength_vs_index60高相关，避免重复约束,single_role
f_ind_rank_amount,industry,14,0.1736060792471878,0.0,A更高,连续评分候选,scoring,,|delta|=0.1736；missing_max=0.00%；方向=A更高；有区分力，适合连续加分,single_role
f_trend_ma20_ma60_gap,strength,16,0.1388590469641453,0.1277740416946872,A更高,连续评分候选,scoring,f_trend_close_ma60_gap,|delta|=0.1389；missing_max=12.78%；方向=A更高；有区分力，适合连续加分；与f_trend_close_ma60_gap高相关，避免重复约束,single_role
f_trend_ma20_slope5,strength,17,0.1220566364591033,0.050437121721587,A更高,连续评分候选,scoring,,|delta|=0.1221；missing_max=5.04%；方向=A更高；有区分力，适合连续加分,single_role
f_chip_concentration,chip,19,0.1087376154963908,0.0,A更高,连续评分候选,scoring,,|delta|=0.1087；missing_max=0.00%；方向=A更高；有区分力，适合连续加分,single_role
f_k_pct_chg,kline,2,0.316323831756341,0.0,A更高,触发确认候选,trigger,,|delta|=0.3163；missing_max=0.00%；方向=A更高；更适合放在触发确认层,single_role
f_k_body_to_atr,kline,13,0.1826801876561297,0.01546738399462,A更高,触发确认候选,trigger,,|delta|=0.1827；missing_max=1.55%；方向=A更高；更适合放在触发确认层,single_role
f_breakout_vol_ratio20,volume,15,0.1447595860180095,0.0316072629455279,A更高,触发确认候选,trigger,,|delta|=0.1448；missing_max=3.16%；方向=A更高；更适合放在触发确认层,single_role
f_up_down_vol_ratio20,volume,18,0.1134286314749335,0.1869535978480161,A更高,触发确认候选,trigger,,|delta|=0.1134；missing_max=18.70%；方向=A更高；更适合放在触发确认层,single_role
f_k_upper_shadow_ratio,kline,20,0.0968548698276169,0.0025127805216185,A更低,触发确认候选,trigger,,|delta|=0.0969；missing_max=0.25%；方向=A更低；更适合放在触发确认层,single_role
f_k_close_pos,kline,21,0.0960543457290084,0.0025127805216185,A更高,触发确认候选,trigger,f_k_upper_shadow_ratio,|delta|=0.0961；missing_max=0.25%；方向=A更高；更适合放在触发确认层；与f_k_upper_shadow_ratio高相关，避免重复约束,single_role
f_k_lower_shadow_ratio,kline,23,0.0840331382792407,0.0025127805216185,A更低,触发确认候选,trigger,,|delta|=0.0840；missing_max=0.25%；方向=A更低；更适合放在触发确认层,single_role
